fdcId,ndbNumber,食品英文名,食品中文名,分类英文,分类中文,发布日期,能量_kcal_每100g,蛋白质_g_每100g,脂肪_g_每100g,碳水化合物_g_每100g,膳食纤维_g_每100g,总糖_g_每100g,钠_mg_每100g,科学名
321358,16158,"Hummus, commercial",鹰嘴豆泥，商业生产,Legumes and Legume Products,豆类及豆制品,4/1/2019,229,7.35,17.1,14.9,5.4,0.34,438,
321360,100147,"Tomatoes, grape, raw",番茄，葡萄型，生,Vegetables and Vegetable Products,蔬菜及蔬菜制品,4/1/2019,27.0,0.83,0.63,5.51,2.1,,6.0,Solanum lycopersicum
321611,11056,"Beans, snap, green, canned, regular pack, drained solids",豆类，嫩荚，绿色，罐装，普通装，沥干固形物,Vegetables and Vegetable Products,蔬菜及蔬菜制品,4/1/2019,21.0,1.04,0.39,4.11,,1.29,282,
323121,7022,"Frankfurter, beef, unheated",法兰克福香肠，牛肉，未加热,Sausages and Luncheon Meats,香肠及午餐肉,4/1/2019,314,11.7,28.0,2.89,,1.26,872,
323294,12563,"Nuts, almonds, dry roasted, with salt added",坚果，杏仁，干烤，加盐,Nut and Seed Products,坚果和种子制品,4/1/2019,620,20.4,57.8,16.2,11.0,4.17,256,
323505,11233,"Kale, raw",羽衣甘蓝，生,Vegetables and Vegetable Products,蔬菜及蔬菜制品,4/1/2019,35.0,2.92,1.49,4.42,4.1,0.8,53.0,Brassica oleracea (Acephala Group)
323604,1171,"Egg, whole, raw, frozen, pasteurized",鸡蛋，整蛋，生，冷冻，巴氏杀菌,Dairy and Egg Products,乳制品及蛋类,4/1/2019,150,12.3,10.3,0.91,,,121,
323697,1172,"Egg, white, raw, frozen, pasteurized",鸡蛋，蛋清，生，冷冻，巴氏杀菌,Dairy and Egg Products,乳制品及蛋类,4/1/2019,48.0,10.1,0.16,0.74,,,144,
323793,1173,"Egg, white, dried",鸡蛋，蛋清，干制,Dairy and Egg Products,乳制品及蛋类,4/1/2019,376,79.9,0.65,6.02,,,1250.0,
324317,11296,"Onion rings, breaded, par fried, frozen, prepared, heated in oven",洋葱圈，裹面包屑，预炸，冷冻，制备后烤箱加热,Vegetables and Vegetable Products,蔬菜及蔬菜制品,4/1/2019,288,4.52,14.4,36.3,2.4,4.5,374,
324653,11937,"Pickles, cucumber, dill or kosher dill",腌黄瓜，黄瓜，莳萝或犹太式莳萝,Vegetables and Vegetable Products,蔬菜及蔬菜制品,4/1/2019,12.0,0.48,0.43,1.99,1.0,1.28,808,
325036,1032,"Cheese, parmesan, grated",奶酪，帕尔马干酪，磨碎,Dairy and Egg Products,乳制品及蛋类,4/1/2019,421,29.6,28.0,12.4,,0.07,1750.0,
325198,1042,"Cheese, pasteurized process, American, vitamin D fortified",奶酪，巴氏杀菌再制，美式，维生素D强化,Dairy and Egg Products,乳制品及蛋类,4/1/2019,366,18.0,30.6,5.27,,2.63,1660.0,
325287,9123,"Grapefruit juice, white, canned or bottled, unsweetened",葡萄柚汁，白色，罐装 或 瓶装，无糖,Fruits and Fruit Juices,水果及果汁,4/1/2019,37.0,0.55,0.7,7.59,0.2,7.72,1.0,
325430,9236,"Peaches, yellow, raw",桃，黄色，生,Fruits and Fruit Juices,水果及果汁,4/1/2019,42.0,0.91,0.27,10.1,1.5,8.39,13.0,Prunus persica
325524,12537,"Seeds, sunflower seed kernels, dry roasted, with salt added",种子，葵花籽仁，干烤，加盐,Nut and Seed Products,坚果和种子制品,4/1/2019,612,21.0,56.1,17.1,10.3,3.14,532,
326196,11236,"Kale, frozen, cooked, boiled, drained, without salt",羽衣甘蓝，冷冻，熟制，水煮，沥干，不加盐,Vegetables and Vegetable Products,蔬菜及蔬菜制品,4/1/2019,36.0,2.94,1.21,5.3,,1.12,16.0,
326698,2046,"Mustard, prepared, yellow",芥末酱，已制备，黄色,Spices and Herbs,香辛料和草本调味料,4/1/2019,61.0,4.25,3.38,5.3,4.3,1.42,1100.0,
327046,9148,"Kiwifruit, green, raw",猕猴桃，绿色，生,Fruits and Fruit Juices,水果及果汁,4/1/2019,58.0,1.06,0.44,12.0,3.0,8.99,5.0,Actinidia deliciosa
327357,9191,"Nectarines, raw",油桃，生,Fruits and Fruit Juices,水果及果汁,4/1/2019,39.0,1.06,0.28,9.18,1.5,7.89,13.0,Prunus persica var. nucipersica
328637,1009,"Cheese, cheddar",奶酪，切达干酪,Dairy and Egg Products,乳制品及蛋类,4/1/2019,408,23.3,34.0,2.44,,0.33,654,
328841,1015,"Cheese, cottage, lowfat, 2% milkfat",茅屋奶酪，低脂，2% 乳脂,Dairy and Egg Products,乳制品及蛋类,4/1/2019,84.0,11.0,2.3,4.31,,4.1,321,
329370,1029,"Cheese, mozzarella, low moisture, part-skim",奶酪，马苏里拉奶酪，低水分，部分脱脂,Dairy and Egg Products,乳制品及蛋类,4/1/2019,298,23.7,20.4,4.44,,1.81,699,
329490,1133,"Egg, whole, dried",鸡蛋，整蛋，干制,Dairy and Egg Products,乳制品及蛋类,4/1/2019,575,48.1,39.8,1.87,,,485,
329596,1126,"Egg, yolk, raw, frozen, pasteurized",鸡蛋，蛋黄，生，冷冻，巴氏杀菌,Dairy and Egg Products,乳制品及蛋类,4/1/2019,296,15.6,25.1,0.59,,,66.0,
329716,1137,"Egg, yolk, dried",鸡蛋，蛋黄，干制,Dairy and Egg Products,乳制品及蛋类,4/1/2019,654,34.2,55.5,1.07,,,149,
330137,1256,"Yogurt, Greek, plain, nonfat",酸奶，希腊式，原味，脱脂,Dairy and Egg Products,乳制品及蛋类,4/1/2019,61.0,10.3,0.37,3.64,,3.27,36.0,
330415,1285,"Yogurt, Greek, strawberry, nonfat",酸奶，希腊式，草莓，脱脂,Dairy and Egg Products,乳制品及蛋类,4/1/2019,83.0,8.06,0.15,12.2,0.6,11.5,32.0,
330458,4047,"Oil, coconut",油，椰子,Fats and Oils,脂肪和油类,4/1/2019,833,0.0,99.1,0.84,,,0.0,
331897,5671,"Chicken, broilers or fryers, drumstick, meat only, cooked, braised",鸡肉，肉用仔鸡，鸡小腿，仅肉，熟制，炖煮,Poultry Products,禽肉制品,4/1/2019,156,23.9,5.95,0.0,,,117,
331960,5746,"Chicken, broiler or fryers, breast, skinless, boneless, meat only, cooked, braised",鸡肉，肉用仔鸡，胸肉，去皮去骨，仅肉，熟制，炖煮,Poultry Products,禽肉制品,4/1/2019,166,32.1,3.24,0.0,,,47.0,
332282,6931,"Sauce, pasta, spaghetti/marinara, ready-to-serve",酱汁，意大利面，意大利面/玛丽娜拉，即食,"Soups, Sauces, and Gravies",汤、酱汁及肉汁,4/1/2019,45.0,1.41,1.48,8.05,1.8,5.5,419,
332397,7028,"Ham, sliced, pre-packaged, deli meat (96%fat free, water added)",火腿，切片，预包装，熟食肉片（96%脂肪 无，加水）,Sausages and Luncheon Meats,香肠及午餐肉,4/1/2019,106,16.7,3.73,0.27,,,1040.0,
332791,9533,"Olives, green, Manzanilla, stuffed with pimiento",橄榄，绿色，曼萨尼亚品种，填充甜椒,Fruits and Fruit Juices,水果及果汁,4/1/2019,130,1.15,12.9,4.32,4.0,0.0,1620.0,
333008,100192,"Cookies, oatmeal, soft, with raisins",曲奇，燕麦，软质，含葡萄干,Baked Products,烘焙食品,4/1/2019,430,5.79,14.3,67.9,3.3,34.8,314,
333281,100193,"Tomatoes, canned, red, ripe, diced",番茄，罐装，红色，成熟，切丁,Vegetables and Vegetable Products,蔬菜及蔬菜制品,4/1/2019,18.0,0.84,0.5,3.32,,2.99,125,
333374,15033,"Fish, haddock, raw",鱼，黑线鳕，生,Finfish and Shellfish Products,鱼类及贝类制品,4/1/2019,74.0,16.3,0.45,0.0,,,213,Melanogrammus aeglefinus (L.)
333476,15066,"Fish, pollock, raw",鱼，狭鳕，生,Finfish and Shellfish Products,鱼类及贝类制品,4/1/2019,56.0,12.3,0.41,0.0,,,333,Theragra chalcogramma (Pallas)
334194,15121,"Fish, tuna, light, canned in water, drained solids",鱼，金枪鱼，浅色，水浸罐装，沥干固形物,Finfish and Shellfish Products,鱼类及贝类制品,4/1/2019,90.0,19.0,0.94,0.08,,0.0,219,
334536,36602,"Restaurant, Chinese, fried rice, without meat",餐厅食品，中式，炒饭，不含 肉,Restaurant Foods,餐饮食品,4/1/2019,174,3.84,3.19,32.5,,0.62,361,
334628,36412,"Restaurant, Latino, tamale, pork",餐厅食品，拉丁美洲风味，玉米粽，猪肉,Restaurant Foods,餐饮食品,4/1/2019,174,7.38,9.04,15.8,2.4,0.46,473,
334720,36408,"Restaurant, Latino, pupusas con frijoles (pupusas, bean)",餐厅食品，拉丁美洲风味，豆馅普普萨饼（普普萨饼，豆）,Restaurant Foods,餐饮食品,4/1/2019,229,5.59,9.01,31.5,5.8,1.3,305,
746758,23377,"Beef, loin, tenderloin roast, separable lean only, boneless, trimmed to 0"" fat, select, cooked, roasted",牛肉，腰脊，里脊烤肉，可分离瘦肉，去骨，脂肪修整至0英寸，选择级（Select），熟制，烘烤,Beef Products,牛肉制品,12/16/2019,176,27.7,6.36,0.0,,,54.0,
746759,23385,"Beef, loin, top loin steak, boneless, lip-on, separable lean only, trimmed to 1/8"" fat, choice, raw",牛肉，腰脊，上腰脊牛排，去骨，保留脂肪边，可分离瘦肉，脂肪修整至1/8英寸，精选级（Choice），生,Beef Products,牛肉制品,12/16/2019,155,22.8,6.39,0.0,,,45.0,
746760,23362,"Beef, round, eye of round roast, boneless, separable lean only, trimmed to 0"" fat, select, raw",牛肉，后腿，后腿眼肉烤肉，去骨，可分离瘦肉，脂肪修整至0英寸，选择级（Select），生,Beef Products,牛肉制品,12/16/2019,122,23.4,2.48,0.0,,,50.0,
746761,23359,"Beef, round, top round roast, boneless, separable lean only, trimmed to 0"" fat, select, raw",牛肉，后腿，上后腿烤肉，去骨，可分离瘦肉，脂肪修整至0英寸，选择级（Select），生,Beef Products,牛肉制品,12/16/2019,123,23.7,2.41,0.0,,,55.0,
746762,13468,"Beef, short loin, porterhouse steak, separable lean only, trimmed to 1/8"" fat, select, raw",牛肉，短腰脊，波特豪斯牛排，可分离瘦肉，脂肪修整至1/8英寸，选择级（Select），生,Beef Products,牛肉制品,12/16/2019,145,22.7,5.32,0.0,,,43.0,
746763,13236,"Beef, short loin, t-bone steak, bone-in, separable lean only, trimmed to 1/8"" fat, choice, cooked, grilled",牛肉，短腰脊，T骨牛排，带骨，可分离瘦肉，脂肪修整至1/8英寸，精选级（Choice），熟制，烧烤,Beef Products,牛肉制品,12/16/2019,219,27.3,11.4,0.0,,,67.0,
746764,11130,"Carrots, frozen, unprepared",胡萝卜，冷冻，未制备,Vegetables and Vegetable Products,蔬菜及蔬菜制品,12/16/2019,37.0,0.81,0.47,7.92,3.2,4.2,66.0,
746765,1227,"Cheese, dry white, queso seco",奶酪，干燥 白色，墨西哥干奶酪,Dairy and Egg Products,乳制品及蛋类,12/16/2019,326,24.5,24.3,2.07,,0.43,1810.0,
746766,1036,"Cheese, ricotta, whole milk",奶酪，里科塔奶酪，全脂牛奶,Dairy and Egg Products,乳制品及蛋类,12/16/2019,157,7.81,11.0,6.86,,,105,
746767,1040,"Cheese, swiss",奶酪，瑞士奶酪,Dairy and Egg Products,乳制品及蛋类,12/16/2019,393,27.0,31.0,1.44,,0.0,185,
746768,9094,"Figs, dried, uncooked",无花果，干制，未烹调,Fruits and Fruit Juices,水果及果汁,12/16/2019,249,3.3,0.92,63.9,9.8,47.9,10.0,
746769,11251,"Lettuce, cos or romaine, raw",生菜，长叶或罗马生菜，生,Vegetables and Vegetable Products,蔬菜及蔬菜制品,12/16/2019,17.0,1.24,0.26,3.24,1.8,1.19,,Lactuca sativa var. logifolia
746770,9181,"Melons, cantaloupe, raw",瓜类，哈密瓜，生,Fruits and Fruit Juices,水果及果汁,12/16/2019,34.0,0.82,0.18,8.16,0.8,7.88,30.0,Cucumis melo
746771,9202,"Oranges, raw, navels",橙子，生，脐橙,Fruits and Fruit Juices,水果及果汁,12/16/2019,47.0,0.91,0.15,11.8,2.0,8.57,9.0,Citrus sinensis
746772,1082,"Milk, lowfat, fluid, 1% milkfat, with added vitamin A and vitamin D",牛奶，低脂，液态，1% 乳脂，添加维生素A和维生素D,Dairy and Egg Products,乳制品及蛋类,12/16/2019,43.0,3.38,0.95,5.18,,4.96,39.0,
746773,9412,"Pears, raw, bartlett",梨，生，巴特利特,Fruits and Fruit Juices,水果及果汁,12/16/2019,57.0,0.38,0.16,15.1,3.1,9.69,7.0,Pyrus communis
746774,36622,"Restaurant, Chinese, sweet and sour pork",餐厅食品，中式，咕咾肉,Restaurant Foods,餐饮食品,12/16/2019,260,8.88,13.6,25.5,1.0,10.3,304,
746775,2047,"Salt, table, iodized",食盐，加碘,Spices and Herbs,香辛料和草本调味料,12/16/2019,,,,,,,38700.0,
746776,1085,"Milk, nonfat, fluid, with added vitamin A and vitamin D (fat free or skim)",牛奶，脱脂，液态，添加维生素A和维生素D（无脂或脱脂）,Dairy and Egg Products,乳制品及蛋类,12/16/2019,34.0,3.43,0.08,4.92,,5.05,41.0,
746777,6164,"Sauce, salsa, ready-to-serve",酱汁，莎莎酱，即食,"Soups, Sauces, and Gravies",汤、酱汁及肉汁,12/16/2019,29.0,1.44,0.19,6.74,1.8,3.81,656,
746778,1079,"Milk, reduced fat, fluid, 2% milkfat, with added vitamin A and vitamin D",牛奶，减脂，液态，2% 乳脂，添加维生素A和维生素D,Dairy and Egg Products,乳制品及蛋类,12/16/2019,50.0,3.36,1.9,4.9,,4.89,39.0,
746779,7954,"Sausage, breakfast sausage, beef, pre-cooked, unprepared",香肠，早餐香肠，牛肉，预熟，未制备,Sausages and Luncheon Meats,香肠及午餐肉,12/16/2019,328,13.3,28.7,3.37,,1.0,866,
746780,7089,"Sausage, Italian, pork, mild, cooked, pan-fried",香肠，意大利式，猪肉，温和风味，熟制，平底锅煎制,Sausages and Luncheon Meats,香肠及午餐肉,12/16/2019,322,18.2,26.2,2.15,,1.46,766,
746781,100173,"Sausage, pork, chorizo, link or ground, cooked, pan-fried",香肠，猪肉，西班牙辣香肠，肠衣香肠 或 绞碎，熟制，平底锅煎制,Sausages and Luncheon Meats,香肠及午餐肉,12/16/2019,346,19.3,28.1,2.63,,,983,
746782,1077,"Milk, whole, 3.25% milkfat, with added vitamin D",牛奶，完整，3.25% 乳脂，添加维生素D,Dairy and Egg Products,乳制品及蛋类,12/16/2019,60.0,3.27,3.2,4.63,,4.81,38.0,
746783,7919,"Sausage, turkey, breakfast links, mild, raw",香肠，火鸡肉，早餐 小香肠，温和风味，生,Sausages and Luncheon Meats,香肠及午餐肉,12/16/2019,169,16.7,10.4,0.93,,,599,
746784,19335,"Sugars, granulated",白砂糖,Sweets,甜食,12/16/2019,385,0.0,0.32,99.6,,99.8,1.0,
746785,5666,"Turkey, ground, 93% lean, 7% fat, pan-broiled crumbles",火鸡肉，绞碎，93% 瘦肉，7% 脂肪，平底锅烤制碎肉,Poultry Products,禽肉制品,12/16/2019,220,27.1,11.6,0.0,,,90.0,
746952,7129,"Ham, sliced, restaurant",火腿，切片，餐厅食品,Pork Products,猪肉制品,12/16/2019,121,19.6,3.68,2.36,,2.2,1030.0,
747429,1062,"Cheese, American, restaurant",奶酪，美式，餐厅食品,Dairy and Egg Products,乳制品及蛋类,12/16/2019,375,17.5,31.1,6.35,,3.76,1600.0,
747430,16500,"Beans, Dry, Medium Red (0% moisture)",豆类，干燥，中红豆（0% 水分）,Legumes and Legume Products,豆类及豆制品,12/16/2019,,25.5,1.04,,4.3,,,
747431,16501,"Beans, Dry, Red (0% moisture)",豆类，干燥，红色（0% 水分）,Legumes and Legume Products,豆类及豆制品,12/16/2019,,21.3,1.16,,4.0,,,
747432,16502,"Beans, Dry, Flor de Mayo (0% moisture)",豆类，干燥，五月花豆（Flor de Mayo）（0% 水分）,Legumes and Legume Products,豆类及豆制品,12/16/2019,,23.3,0.86,,4.0,,,
747433,16503,"Beans, Dry, Brown (0% moisture)",豆类，干燥，棕色（0% 水分）,Legumes and Legume Products,豆类及豆制品,12/16/2019,,25.6,1.12,,4.1,,,
747434,16504,"Beans, Dry, Tan (0% moisture)",豆类，干燥，黄褐色（0% 水分）,Legumes and Legume Products,豆类及豆制品,12/16/2019,,26.8,1.14,,4.4,,,
747435,16505,"Beans, Dry, Light Tan (0% moisture)",豆类，干燥，浅黄褐色（0% 水分）,Legumes and Legume Products,豆类及豆制品,12/16/2019,,24.6,1.28,,4.3,,,
747436,16506,"Beans, Dry, Carioca (0% moisture)",豆类，干燥，卡里奥卡豆（0% 水分）,Legumes and Legume Products,豆类及豆制品,12/16/2019,,25.2,1.44,,4.5,,,
747437,16507,"Beans, Dry, Cranberry (0% moisture)",豆类，干燥，蔓越莓豆（0% 水分）,Legumes and Legume Products,豆类及豆制品,12/16/2019,,24.4,1.23,,4.3,,,
747438,16508,"Beans, Dry, Light Red Kidney (0% moisture)",豆类，干燥，浅红芸豆（0% 水分）,Legumes and Legume Products,豆类及豆制品,12/16/2019,,25.0,1.03,,4.5,,,
747439,16509,"Beans, Dry, Pink (0% moisture)",豆类，干燥，粉红色（0% 水分）,Legumes and Legume Products,豆类及豆制品,12/16/2019,,23.4,1.2,,4.1,,,
747440,16510,"Beans, Dry, Dark Red Kidney (0% moisture)",豆类，干燥，深红芸豆（0% 水分）,Legumes and Legume Products,豆类及豆制品,12/16/2019,,25.9,1.31,,4.3,,,
747441,16511,"Beans, Dry, Navy (0% moisture)",豆类，干燥，海军豆（0% 水分）,Legumes and Legume Products,豆类及豆制品,12/16/2019,,24.1,1.51,,4.3,,,
747442,16512,"Beans, Dry, Small White (0% moisture)",豆类，干燥，小白豆（0% 水分）,Legumes and Legume Products,豆类及豆制品,12/16/2019,,24.5,1.32,,4.3,,,
747443,16513,"Beans, Dry, Small Red (0% moisture)",豆类，干燥，小红豆（0% 水分）,Legumes and Legume Products,豆类及豆制品,12/16/2019,,23.5,1.28,,4.1,,,
747444,16514,"Beans, Dry, Black (0% moisture)",豆类，干燥，黑色（0% 水分）,Legumes and Legume Products,豆类及豆制品,12/16/2019,,24.4,1.45,,4.2,,,
747445,16515,"Beans, Dry, Pinto (0% moisture)",豆类，干燥，斑豆（0% 水分）,Legumes and Legume Products,豆类及豆制品,12/16/2019,,23.7,1.24,,4.1,,,
747446,16516,"Beans, Dry, Great Northern (0% moisture)",豆类，干燥，大北方豆（0% 水分）,Legumes and Legume Products,豆类及豆制品,12/16/2019,,24.7,1.24,,4.3,,,
747447,11090,"Broccoli, raw",西兰花，生,Vegetables and Vegetable Products,蔬菜及蔬菜制品,12/16/2019,31.0,2.57,0.34,6.27,2.4,1.4,36.0,Brassica oleracea var. italica
747693,11966,"Ketchup, restaurant",番茄酱，餐厅食品,Vegetables and Vegetable Products,蔬菜及蔬菜制品,12/16/2019,117,1.11,0.55,26.8,,21.8,949,
747997,1124,"Eggs, Grade A, Large, egg white",A级大号鸡蛋，蛋清,Dairy and Egg Products,乳制品及蛋类,12/16/2019,55.0,10.7,0.0,2.36,,,,
748236,1125,"Eggs, Grade A, Large, egg yolk",A级大号鸡蛋，蛋黄,Dairy and Egg Products,乳制品及蛋类,12/16/2019,334,16.2,28.8,1.02,,,,
748278,4582,"Oil, canola",油，菜籽,Fats and Oils,脂肪和油类,12/16/2019,,,,,,,,
748323,4518,"Oil, corn",油，玉米,Fats and Oils,脂肪和油类,12/16/2019,,,,,,,,
748366,4044,"Oil, soybean",油，大豆,Fats and Oils,脂肪和油类,12/16/2019,,,,,,,,
748608,4063,"Oil, olive, extra virgin",特级初榨橄榄油,Fats and Oils,脂肪和油类,12/16/2019,,,,,,,,
748967,1123,"Eggs, Grade A, Large, egg whole",A级大号鸡蛋，整蛋,Dairy and Egg Products,乳制品及蛋类,12/16/2019,148,12.4,9.96,0.96,0.0,0.2,129,
749420,10896,"Pork, cured, bacon, cooked, restaurant",腌制猪肉培根，熟制，餐厅食品,Pork Products,猪肉制品,12/16/2019,500,40.9,36.5,2.1,,3.14,1830.0,
789828,1145,"Butter, stick, unsalted",黄油，条状，无盐,Dairy and Egg Products,乳制品及蛋类,4/1/2020,,,81.5,,,,10.0,
789890,20081,"Flour, wheat, all-purpose, enriched, bleached",面粉，小麦，通用，强化，漂白,Cereal Grains and Pasta,谷物及面食,4/1/2020,366,10.9,1.48,77.3,,,2.0,
789951,20581,"Flour, wheat, all-purpose, enriched, unbleached",面粉，小麦，通用，强化，未漂白,Cereal Grains and Pasta,谷物及面食,4/1/2020,358,13.1,1.48,73.2,,,4.0,
790018,20481,"Flour, wheat, all-purpose, unenriched, unbleached",面粉，小麦，通用，未强化，未漂白,Cereal Grains and Pasta,谷物及面食,4/1/2020,362,12.0,1.7,74.6,3.0,,2.0,
790085,20080,"Flour, whole wheat, unenriched",面粉，全麦，未强化,Cereal Grains and Pasta,谷物及面食,4/1/2020,370,15.1,2.73,71.2,10.6,,3.0,
790146,20083,"Flour, bread, white, enriched, unbleached",面粉，面包，白色，强化，未漂白,Cereal Grains and Pasta,谷物及面食,4/1/2020,363,14.3,1.65,72.8,,,3.0,
790214,20061,"Flour, rice, white, unenriched",面粉，白米，未强化,Cereal Grains and Pasta,谷物及面食,4/1/2020,359,6.94,1.3,79.8,0.5,,5.0,
790276,100251,"Flour, corn, yellow, fine meal, enriched",面粉，玉米，黄色，细粉，强化,Cereal Grains and Pasta,谷物及面食,4/1/2020,364,6.2,1.74,80.8,4.3,1.04,0.0,
790508,1001,"Butter, stick, salted",黄油，条状，加盐,Dairy and Egg Products,乳制品及蛋类,4/1/2020,,,82.2,,,0.58,524,
790577,100252,"Onions, red, raw",洋葱，红色，生,Vegetables and Vegetable Products,蔬菜及蔬菜制品,4/1/2020,44.0,0.94,0.1,9.93,2.2,5.76,1.0,Allium cepa
790646,100253,"Onions, yellow, raw",洋葱，黄色，生,Vegetables and Vegetable Products,蔬菜及蔬菜制品,4/1/2020,38.0,0.83,0.05,8.61,1.9,5.82,1.0,Allium cepa
1104647,11215,"Garlic, raw",大蒜，生,Vegetables and Vegetable Products,蔬菜及蔬菜制品,10/30/2020,143,6.62,0.38,28.2,2.7,,,Allium sativum
1104705,16117,"Flour, soy, defatted",脱脂大豆粉,Legumes and Legume Products,豆类及豆制品,10/30/2020,366,51.1,3.33,32.9,24.3,,2.0,
1104766,16115,"Flour, soy, full-fat",全脂大豆粉,Legumes and Legume Products,豆类及豆制品,10/30/2020,452,38.6,20.7,27.9,,,2.0,
1104812,20090,"Flour, rice, brown",面粉，糙米,Cereal Grains and Pasta,谷物及面食,10/30/2020,365,7.19,3.85,75.5,,,1.0,
1104867,100257,"Flour, rice, glutinous",糯米粉,Cereal Grains and Pasta,谷物及面食,10/30/2020,358,6.69,1.16,80.1,,,6.0,
1104913,100256,"Flour, pastry, unenriched, unbleached",面粉，糕点，未强化，未漂白,Cereal Grains and Pasta,谷物及面食,10/30/2020,358,8.75,1.64,77.2,,,1.0,
1104962,100255,"Onions, white, raw",洋葱，白色，生,Vegetables and Vegetable Products,蔬菜及蔬菜制品,10/30/2020,35.0,0.89,0.13,7.68,1.2,5.76,2.0,Allium cepa
1105073,100254,"Bananas, overripe, raw",香蕉，过熟，生,Fruits and Fruit Juices,水果及果汁,4/1/2020,85.0,0.73,0.22,20.1,1.7,15.8,,Musa acuminata Colla
1105314,9040,"Bananas, ripe and slightly ripe, raw",香蕉，成熟 和 稍熟，生,Fruits and Fruit Juices,水果及果汁,4/1/2020,97.0,0.74,0.29,23.0,1.7,15.8,0.0,Musa acuminata Colla
1750339,9500,"Apples, red delicious, with skin, raw",苹果，红蛇果，带皮，生,Fruits and Fruit Juices,水果及果汁,10/30/2020,,0.188,0.212,14.8,2.04,12.2,0.0,Malus domestica
1750340,9504,"Apples, fuji, with skin, raw",苹果，富士，带皮，生,Fruits and Fruit Juices,水果及果汁,10/30/2020,,0.148,0.162,15.7,2.08,13.3,1.01,Malus domestica
1750341,9503,"Apples, gala, with skin, raw",苹果，嘎啦，带皮，生,Fruits and Fruit Juices,水果及果汁,10/30/2020,,0.133,0.15,14.8,2.11,11.8,0.279,Malus domestica
1750342,9502,"Apples, granny smith, with skin, raw",苹果，青苹果（Granny Smith），带皮，生,Fruits and Fruit Juices,水果及果汁,10/30/2020,,0.266,0.138,14.1,2.51,10.6,0.0,Malus domestica
1750343,9501,"Apples, honeycrisp, with skin, raw",苹果，蜜脆苹果，带皮，生,Fruits and Fruit Juices,水果及果汁,10/30/2020,,0.102,0.1,14.7,1.72,12.4,0.138,Malus domestica
1750348,4042,"Oil, peanut",油，花生,Fats and Oils,脂肪和油类,4/28/2021,,,,,,,,
1750349,100262,"Oil, sunflower",油，向日葵,Fats and Oils,脂肪和油类,4/28/2021,,,,,,,,
1750350,4511,"Oil, safflower",油，红花籽,Fats and Oils,脂肪和油类,4/28/2021,,,,,,,,
1750351,100258,"Oil, olive, extra light",特淡橄榄油,Fats and Oils,脂肪和油类,4/28/2021,,,,,,,,
1999626,100259,"Mushroom, lion's mane",蘑菇，猴头菇,Vegetables and Vegetable Products,蔬菜及蔬菜制品,10/28/2021,,2.5,0.256,7.59,4.38,,0.336,
1999627,11987,"Mushroom, oyster",平菇,Vegetables and Vegetable Products,蔬菜及蔬菜制品,10/28/2021,,2.9,0.188,6.94,2.85,,1.13,
1999628,11238,"Mushrooms, shiitake",蘑菇，香菇,Vegetables and Vegetable Products,蔬菜及蔬菜制品,10/28/2021,,2.41,0.195,8.17,4.17,,0.936,
1999629,11260,"Mushrooms, white button",蘑菇，白蘑菇,Vegetables and Vegetable Products,蔬菜及蔬菜制品,10/28/2021,,2.89,0.371,4.08,1.72,,6.44,
1999630,16222,"Soy milk, unsweetened, plain, shelf stable",大豆 牛奶，无糖，原味，常温保存,Legumes and Legume Products,豆类及豆制品,10/28/2021,,3.55,2.12,1.29,0.0,0.557,34.3,
1999631,14091,"Almond milk, unsweetened, plain, shelf stable",杏仁 牛奶，无糖，原味，常温保存,Beverages,饮料,10/28/2021,,0.555,1.22,0.337,0.0,0.0,59.6,
1999632,100260,"Spinach, baby",嫩菠菜,Vegetables and Vegetable Products,蔬菜及蔬菜制品,10/28/2021,,2.85,0.619,2.41,1.56,,111,
1999633,11457,"Spinach, mature",成熟菠菜,Vegetables and Vegetable Products,蔬菜及蔬菜制品,10/28/2021,,2.91,0.604,2.64,1.59,,107,
1999634,100261,"Tomato, roma",罗马番茄,Vegetables and Vegetable Products,蔬菜及蔬菜制品,10/28/2021,,0.696,0.425,3.84,0.971,,0.0,
2003586,100268,"Flour, 00",面粉，00,Cereal Grains and Pasta,谷物及面食,10/28/2021,,11.4,1.52,74.4,2.66,,0.0,
2003587,20140,"Flour, spelt, whole grain",面粉，斯佩耳特小麦，全谷物,Cereal Grains and Pasta,谷物及面食,10/28/2021,,14.5,2.54,70.7,9.34,,0.0,
2003588,100269,"Flour, semolina, coarse and semi-coarse",面粉，粗粒小麦粉，粗粒和中粗粒,Cereal Grains and Pasta,谷物及面食,10/28/2021,,11.7,1.6,73.8,3.22,,0.0,
2003589,100270,"Flour, semolina, fine",面粉，细粒粗粒小麦粉,Cereal Grains and Pasta,谷物及面食,10/28/2021,,13.3,1.84,72.0,3.68,,0.426,
2003590,9400,"Apple juice, with added vitamin C, from concentrate, shelf stable",苹果汁，添加维生素C，浓缩还原，常温保存,Fruits and Fruit Juices,水果及果汁,10/28/2021,,0.086,0.286,11.4,,10.3,4.87,
2003591,9209,"Orange juice, no pulp, not fortified, from concentrate, refrigerated",橙汁，无果肉，未强化，浓缩还原，冷藏,Fruits and Fruit Juices,水果及果汁,10/28/2021,,0.734,0.325,10.3,,8.28,5.23,
2003592,9130,"Grape juice, purple, with added vitamin C, from concentrate, shelf stable",葡萄汁，紫色，添加维生素C，浓缩还原，常温保存,Fruits and Fruit Juices,水果及果汁,10/28/2021,,0.258,0.288,15.6,,14.0,4.02,
2003593,100266,"Grape juice, white, with added vitamin C, from concentrate, shelf stable",葡萄汁，白色，添加维生素C，浓缩还原，常温保存,Fruits and Fruit Juices,水果及果汁,10/28/2021,,0.094,0.265,15.8,,14.4,7.19,
2003594,43382,"Cranberry juice, not fortified, from concentrate, shelf stable",蔓越莓汁，未强化，浓缩还原，常温保存,Fruits and Fruit Juices,水果及果汁,10/28/2021,,0.0,0.338,7.26,,3.41,6.34,
2003595,100267,"Grapefruit juice, red, not fortified, not from concentrate, refrigerated",葡萄柚汁，红色，未强化，非浓缩还原，冷藏,Fruits and Fruit Juices,水果及果汁,10/28/2021,,0.57,0.267,9.1,,7.12,1.03,
2003596,11540,"Tomato juice, with added ingredients, from concentrate, shelf stable",番茄汁，含 添加配料，浓缩还原，常温保存,Vegetables and Vegetable Products,蔬菜及蔬菜制品,10/28/2021,,0.859,0.288,4.32,,2.57,236,
2003597,9206,"Orange juice, no pulp, not fortified, not from concentrate, refrigerated",橙汁，无果肉，未强化，非浓缩还原，冷藏,Fruits and Fruit Juices,水果及果汁,10/28/2021,,0.812,0.356,10.0,,8.08,0.075,
2003598,11243,"Mushroom, portabella",蘑菇，大褐菇,Vegetables and Vegetable Products,蔬菜及蔬菜制品,10/28/2021,,2.75,0.312,4.66,1.88,,5.31,
2003599,100263,"Mushroom, king oyster",蘑菇，杏鲍菇,Vegetables and Vegetable Products,蔬菜及蔬菜制品,10/28/2021,,2.41,0.308,8.5,3.01,,0.771,
2003600,11950,"Mushroom, enoki",蘑菇，金针菇,Vegetables and Vegetable Products,蔬菜及蔬菜制品,10/28/2021,,2.42,0.245,8.14,2.94,,0.417,
2003601,11266,"Mushroom, crimini",蘑菇，褐蘑菇,Vegetables and Vegetable Products,蔬菜及蔬菜制品,10/28/2021,,3.09,0.197,4.01,1.78,,4.57,
2003602,11993,"Mushroom, maitake",蘑菇，舞茸,Vegetables and Vegetable Products,蔬菜及蔬菜制品,10/28/2021,,2.2,0.265,6.6,3.07,,0.345,
2003603,100264,"Mushroom, beech",真姬菇,Vegetables and Vegetable Products,蔬菜及蔬菜制品,10/28/2021,,2.18,0.449,6.76,3.14,,0.891,
2003604,100265,"Mushroom, pioppini",蘑菇，茶树菇,Vegetables and Vegetable Products,蔬菜及蔬菜制品,10/28/2021,,3.5,0.24,5.76,2.75,,0.0,
2257044,100275,"Soy milk, sweetened, plain, refrigerated",大豆 牛奶，加糖，原味，冷藏,Legumes and Legume Products,豆类及豆制品,4/28/2022,,2.78,1.96,3.0,0.0,,39.4,
2257045,100276,"Almond milk, unsweetened, plain, refrigerated",杏仁 牛奶，无糖，原味，冷藏,Beverages,饮料,4/28/2022,,0.656,1.56,0.671,0.0,,59.2,
2257046,100277,"Oat milk, unsweetened, plain, refrigerated",燕麦 牛奶，无糖，原味，冷藏,Beverages,饮料,4/28/2022,,0.797,2.75,5.1,0.0,2.32,42.0,
2258586,11124,"Carrots, mature, raw",胡萝卜，成熟，生,Vegetables and Vegetable Products,蔬菜及蔬菜制品,4/28/2022,,0.941,0.351,10.3,3.1,,86.6,
2258587,11960,"Carrots, baby, raw",胡萝卜，嫩/幼小，生,Vegetables and Vegetable Products,蔬菜及蔬菜制品,4/28/2022,,0.805,0.138,9.08,2.69,,62.7,
2258588,11333,"Peppers, bell, green, raw",甜椒，绿色，生,Vegetables and Vegetable Products,蔬菜及蔬菜制品,4/28/2022,,0.715,0.106,4.78,0.942,,0.0,
2258589,11951,"Peppers, bell, yellow, raw",甜椒，黄色，生,Vegetables and Vegetable Products,蔬菜及蔬菜制品,4/28/2022,,0.819,0.121,6.6,1.07,,0.0,
2258590,11821,"Peppers, bell, red, raw",甜椒，红色，生,Vegetables and Vegetable Products,蔬菜及蔬菜制品,4/28/2022,,0.896,0.126,6.65,1.16,,0.0,
2258591,100278,"Peppers, bell, orange, raw",甜椒，橙色，生,Vegetables and Vegetable Products,蔬菜及蔬菜制品,4/28/2022,,0.882,0.156,6.7,0.967,,0.0,
2259792,1088,"Buttermilk, low fat",酪乳，低脂,Dairy and Egg Products,乳制品及蛋类,4/28/2022,,3.46,1.08,4.81,,,92.5,
2259793,1116,"Yogurt, plain, whole milk",酸奶，原味，全脂牛奶,Dairy and Egg Products,乳制品及蛋类,4/28/2022,,3.82,4.48,5.57,,4.09,41.8,
2259794,1293,"Yogurt, Greek, plain, whole milk",酸奶，希腊式，原味，全脂牛奶,Dairy and Egg Products,乳制品及蛋类,4/28/2022,,8.78,4.39,4.75,,3.25,33.8,
2259795,100272,"Cheese, parmesan, grated, refrigerated",奶酪，帕尔马干酪，磨碎，冷藏,Dairy and Egg Products,乳制品及蛋类,4/28/2022,,30.1,29.5,4.33,,0.638,1050.0,
2259796,1019,"Cheese, feta, whole milk, crumbled",奶酪，菲达奶酪，全脂牛奶，碎粒状,Dairy and Egg Products,乳制品及蛋类,4/28/2022,,19.7,19.1,5.58,,1.63,1030.0,
2261420,100273,"Flour, almond",面粉，杏仁,Nut and Seed Products,坚果和种子制品,4/28/2022,,26.2,50.2,16.2,9.27,,0.894,
2261421,100274,"Flour, oat, whole grain",面粉，燕麦，全谷物,Cereal Grains and Pasta,谷物及面食,4/28/2022,,13.2,6.31,69.9,12.9,,3.62,
2261422,11413,"Flour, potato",面粉，马铃薯,Vegetables and Vegetable Products,蔬菜及蔬菜制品,4/28/2022,,8.11,0.951,79.9,16.6,,47.7,
2262072,16098,"Peanut butter, creamy",花生酱，幼滑型,Legumes and Legume Products,豆类及豆制品,4/28/2022,,24.0,49.4,22.7,6.32,,221,
2262073,100271,"Sesame butter, creamy",芝麻酱，幼滑型,Nut and Seed Products,坚果和种子制品,4/28/2022,,19.7,62.4,14.2,8.37,,63.6,
2262074,12195,"Almond butter, creamy",杏仁酱，幼滑型,Nut and Seed Products,坚果和种子制品,4/28/2022,,20.8,53.0,21.2,9.72,,0.996,
2262075,12220,"Flaxseed, ground",亚麻籽，绞碎,Nut and Seed Products,坚果和种子制品,4/28/2022,,18.0,37.3,34.4,23.1,,36.7,
2346384,1012,"Cottage cheese, full fat, large or small curd",茅屋奶酪，全脂，大凝乳或小凝乳,Dairy and Egg Products,乳制品及蛋类,10/28/2022,,11.6,4.22,4.6,,,350,
2346385,1017,"Cream cheese, full fat, block",奶油奶酪，全脂，块状,Dairy and Egg Products,乳制品及蛋类,10/28/2022,,5.79,33.5,4.56,,,368,
2346386,1053,"Cream, heavy",淡奶油,Dairy and Egg Products,乳制品及蛋类,10/28/2022,,2.02,35.6,3.8,,,20.6,
2346387,1056,"Cream, sour, full fat",酸奶油，全脂,Dairy and Egg Products,乳制品及蛋类,10/28/2022,,3.07,18.0,5.56,,,50.0,
2346388,11252,"Lettuce, iceberg, raw",冰山生菜，生,Vegetables and Vegetable Products,蔬菜及蔬菜制品,10/28/2022,,0.742,0.074,3.37,,,16.1,
2346389,100281,"Lettuce, romaine, green, raw",罗马生菜，绿色，生,Vegetables and Vegetable Products,蔬菜及蔬菜制品,10/28/2022,,0.977,0.071,4.06,,,23.0,
2346390,11257,"Lettuce, leaf, red, raw",叶生菜，红色，生,Vegetables and Vegetable Products,蔬菜及蔬菜制品,10/28/2022,,0.883,0.106,3.26,,,24.9,
2346391,11253,"Lettuce, leaf, green, raw",叶生菜，绿色，生,Vegetables and Vegetable Products,蔬菜及蔬菜制品,10/28/2022,,1.09,0.156,4.07,,,28.9,
2346392,12147,"Nuts, pine nuts, raw",坚果，松子，生,Nut and Seed Products,坚果和种子制品,10/28/2022,,15.7,61.3,18.6,3.94,,0.0,
2346393,12061,"Nuts, almonds, whole, raw",坚果，杏仁，完整，生,Nut and Seed Products,坚果和种子制品,10/28/2022,,21.5,51.1,20.0,10.8,,0.0,
2346394,12155,"Nuts, walnuts, English, halves, raw",坚果，英国核桃，半粒，生,Nut and Seed Products,坚果和种子制品,10/28/2022,,14.6,69.7,10.9,5.21,,0.0,
2346395,12142,"Nuts, pecans, halves, raw",坚果，碧根果，半粒，生,Nut and Seed Products,坚果和种子制品,10/28/2022,,9.96,73.3,12.7,5.79,,0.0,
2346396,20038,"Oats, whole grain, rolled, old fashioned",燕麦，全谷物，压片，传统压片,Cereal Grains and Pasta,谷物及面食,10/28/2022,,13.5,5.89,68.7,10.4,,0.668,
2346397,100282,"Oats, whole grain, steel cut",燕麦，全谷物，钢切,Cereal Grains and Pasta,谷物及面食,10/28/2022,,12.5,5.8,69.8,12.0,,0.311,
2346398,9266,"Pineapple, raw",菠萝，生,Fruits and Fruit Juices,水果及果汁,10/28/2022,,0.461,0.211,14.1,0.935,11.4,0.0,
2346399,9070,"Cherries, sweet, dark red, raw",樱桃，甜味，深红色，生,Fruits and Fruit Juices,水果及果汁,10/28/2022,,1.04,0.192,16.2,,13.9,0.0,
2346400,11052,"Beans, snap, green, raw",豆类，嫩荚，绿色，生,Vegetables and Vegetable Products,蔬菜及蔬菜制品,10/28/2022,,1.97,0.275,7.41,3.01,2.33,0.0,
2346401,100283,"Potatoes, russet, without skin, raw",马铃薯，褐皮马铃薯，去皮，生,Vegetables and Vegetable Products,蔬菜及蔬菜制品,10/28/2022,,2.27,0.36,17.8,14.9,0.526,2.74,
2346402,100284,"Potatoes, red, without skin, raw",马铃薯，红色，去皮，生,Vegetables and Vegetable Products,蔬菜及蔬菜制品,10/28/2022,,2.06,0.248,16.3,13.8,0.664,2.86,
2346403,100285,"Potatoes, gold, without skin, raw",马铃薯，黄皮马铃薯，去皮，生,Vegetables and Vegetable Products,蔬菜及蔬菜制品,10/28/2022,,1.81,0.264,16.0,13.8,0.645,2.24,
2346404,100286,"Sweet potatoes, orange flesh, without skin, raw",甘薯，橙色果肉，去皮，生,Vegetables and Vegetable Products,蔬菜及蔬菜制品,10/28/2022,,1.58,0.375,17.3,4.44,6.06,0.0,
2346405,11143,"Celery, raw",芹菜，生,Vegetables and Vegetable Products,蔬菜及蔬菜制品,10/28/2022,,0.492,0.162,3.32,,,97.2,
2346406,11205,"Cucumber, with peel, raw",黄瓜，带皮，生,Vegetables and Vegetable Products,蔬菜及蔬菜制品,10/28/2022,,0.625,0.178,2.95,,,1.52,
2346407,11109,"Cabbage, green, raw",甘蓝，绿色，生,Vegetables and Vegetable Products,蔬菜及蔬菜制品,10/28/2022,,0.961,0.228,6.38,,,16.1,
2346408,11112,"Cabbage, red, raw",甘蓝，红色，生,Vegetables and Vegetable Products,蔬菜及蔬菜制品,10/28/2022,,1.24,0.214,6.79,,,11.7,
2346409,9316,"Strawberries, raw",草莓，生,Fruits and Fruit Juices,水果及果汁,10/28/2022,,0.641,0.22,7.96,,4.86,0.0,
2346410,9302,"Raspberries, raw",覆盆子，生,Fruits and Fruit Juices,水果及果汁,10/28/2022,,1.01,0.188,12.9,,2.68,0.0,
2346411,9050,"Blueberries, raw",蓝莓，生,Fruits and Fruit Juices,水果及果汁,10/28/2022,,0.703,0.306,14.6,,9.36,0.0,
2346412,100279,"Grapes, red, seedless, raw",葡萄，红色，无籽，生,Fruits and Fruit Juices,水果及果汁,10/28/2022,,0.914,0.164,20.2,,17.3,7.0,
2346413,100280,"Grapes, green, seedless, raw",葡萄，绿色，无籽，生,Fruits and Fruit Juices,水果及果汁,10/28/2022,,0.899,0.232,18.6,,16.1,3.17,
2346414,9401,"Applesauce, unsweetened, with added vitamin C",苹果酱，无糖，添加维生素C,Fruits and Fruit Juices,水果及果汁,10/28/2022,,0.273,0.162,12.3,,9.66,0.504,
2512371,100287,"Flour, amaranth",面粉，苋米,Cereal Grains and Pasta,谷物及面食,4/20/2023,,13.2,6.24,68.8,9.04,,0.0,
2512372,100288,"Flour, quinoa",面粉，藜麦,Cereal Grains and Pasta,谷物及面食,4/20/2023,,11.9,6.6,69.5,6.95,,6.32,
2512373,100289,"Flour, sorghum",面粉，高粱,Cereal Grains and Pasta,谷物及面食,4/20/2023,,8.27,3.59,77.4,8.16,,0.0,
2512374,20011,"Flour, buckwheat",面粉，荞麦,Cereal Grains and Pasta,谷物及面食,4/20/2023,,8.88,2.48,75.0,11.4,,0.0,
2512375,100290,"Flour, rye",面粉，黑麦,Cereal Grains and Pasta,谷物及面食,4/20/2023,,8.4,1.91,77.2,17.9,,0.0,
2512376,20130,"Flour, barley",面粉，大麦,Cereal Grains and Pasta,谷物及面食,4/20/2023,,8.72,2.45,77.4,16.2,,20.3,
2512377,100291,"Flour, cassava",面粉，木薯,Vegetables and Vegetable Products,蔬菜及蔬菜制品,4/20/2023,,0.918,0.494,87.3,7.66,,13.1,
2512378,20008,"Buckwheat, whole grain",荞麦，全谷物,Cereal Grains and Pasta,谷物及面食,4/20/2023,,11.1,3.04,71.1,4.8,,0.0,
2512379,20031,"Millet, whole grain",小米，全谷物,Cereal Grains and Pasta,谷物及面食,4/20/2023,,10.0,4.19,74.4,3.33,,0.0,
2512380,20036,"Rice, brown, long grain, unenriched, raw",糙米，长粒，未强化，生,Cereal Grains and Pasta,谷物及面食,4/20/2023,,7.25,3.31,76.7,4.3,,0.0,
2512381,20444,"Rice, white, long grain, unenriched, raw",白米，长粒，未强化，生,Cereal Grains and Pasta,谷物及面食,4/20/2023,,7.04,1.03,80.3,2.77,,0.462,
2514743,23562,"Beef, ground, 90% lean meat / 10% fat, raw",牛肉，绞碎，90% 瘦肉/10% 脂肪，生,Beef Products,牛肉制品,4/20/2023,,18.2,12.8,0.0,,,61.6,
2514744,23572,"Beef, ground, 80% lean meat / 20% fat, raw",牛肉，绞碎，80% 瘦肉/20% 脂肪，生,Beef Products,牛肉制品,4/20/2023,,17.5,19.4,0.0,,,54.9,
2514745,10219,"Pork, ground, raw",猪肉，绞碎，生,Pork Products,猪肉制品,4/20/2023,,17.8,17.5,0.0,,,53.6,
2514746,5332,"Chicken, ground, with additives, raw",鸡肉，绞碎，含添加剂，生,Poultry Products,禽肉制品,4/20/2023,,17.9,7.16,0.0,,,63.0,
2514747,5665,"Turkey, ground, 93% lean/ 7% fat, raw",火鸡肉，绞碎，93% 瘦肉/7% 脂肪，生,Poultry Products,禽肉制品,4/20/2023,,17.3,9.59,0.0,,,80.2,
2515373,100294,"Nuts, brazilnuts, raw",坚果，巴西坚果，生,Nut and Seed Products,坚果和种子制品,4/20/2023,,15.0,57.4,21.6,5.98,,0.0,
2515374,12087,"Nuts, cashew nuts, raw",坚果，腰果，生,Nut and Seed Products,坚果和种子制品,4/20/2023,,17.4,38.9,36.3,4.1,,4.76,
2515375,12120,"Nuts, hazelnuts or filberts, raw",坚果，榛子，生,Nut and Seed Products,坚果和种子制品,4/20/2023,,13.5,53.5,26.5,8.41,,0.0,
2515376,16087,"Peanuts, raw",花生，生,Legumes and Legume Products,豆类及豆制品,4/20/2023,,23.2,43.3,26.5,8.01,,1.49,
2515377,100292,"Flour, chestnut",面粉，栗子,Nut and Seed Products,坚果和种子制品,4/20/2023,,5.29,4.64,80.5,8.71,,0.0,
2515378,12131,"Nuts, macadamia nuts, raw",坚果，夏威夷果，生,Nut and Seed Products,坚果和种子制品,4/20/2023,,7.79,64.9,24.1,7.56,,0.0,
2515379,12151,"Nuts, pistachio nuts, raw",坚果，开心果，生,Nut and Seed Products,坚果和种子制品,4/20/2023,,20.5,45.0,27.7,6.97,,0.0,
2515380,12014,"Seeds, pumpkin seeds (pepitas), raw",种子，南瓜籽（南瓜籽仁），生,Nut and Seed Products,坚果和种子制品,4/20/2023,,29.9,40.0,18.7,5.08,,0.0,
2515381,12036,"Seeds, sunflower seed, kernel, raw",种子，葵花籽，籽仁，生,Nut and Seed Products,坚果和种子制品,4/20/2023,,18.9,48.4,24.5,7.22,,0.0,
2515382,100293,"Flour, coconut",面粉，椰子,Nut and Seed Products,坚果和种子制品,4/20/2023,,16.1,15.3,58.9,34.2,,46.9,
2644281,100310,"Beans, cannellini, dry",豆类，白芸豆（Cannellini），干燥,Legumes and Legume Products,豆类及豆制品,10/26/2023,,21.6,2.2,59.8,,,0.0,
2644282,100311,"Chickpeas, (garbanzo beans, bengal gram), dry",鹰嘴豆，(鹰嘴豆，孟加拉豆），干燥,Legumes and Legume Products,豆类及豆制品,10/26/2023,,21.3,6.27,60.4,,,8.78,
2644283,100312,"Lentils, dry",小扁豆，干燥,Legumes and Legume Products,豆类及豆制品,10/26/2023,,23.6,1.92,62.2,,,0.0,
2644284,100313,"Blackeye pea, dry",黑眼豆，干燥,Legumes and Legume Products,豆类及豆制品,10/26/2023,,21.2,2.42,61.8,,,3.46,
2644285,100314,"Beans, black, canned, sodium added, drained and rinsed",豆类，黑色，罐装，添加钠，沥干并冲洗,Legumes and Legume Products,豆类及豆制品,10/26/2023,,6.91,1.27,19.8,6.69,,218,
2644286,100315,"Beans, navy, canned, sodium added, drained and rinsed",豆类，海军豆，罐装，添加钠，沥干并冲洗,Legumes and Legume Products,豆类及豆制品,10/26/2023,,6.57,1.4,20.0,6.85,,190,
2644287,100316,"Beans, cannellini, canned, sodium added, drained and rinsed",豆类，白芸豆（Cannellini），罐装，添加钠，沥干并冲洗,Legumes and Legume Products,豆类及豆制品,10/26/2023,,7.41,1.17,18.8,6.76,,164,
2644288,100317,"Chickpeas (garbanzo beans, bengal gram), canned, sodium added, drained and rinsed",鹰嘴豆（鹰嘴豆，孟加拉豆），罐装，添加钠，沥干并冲洗,Legumes and Legume Products,豆类及豆制品,10/26/2023,,7.02,3.1,20.3,5.92,,202,
2644289,100318,"Beans, kidney, dark red, canned, sodium added, sugar added, drained and rinsed",豆类，芸豆，深红色，罐装，添加钠，添加糖，沥干并冲洗,Legumes and Legume Products,豆类及豆制品,10/26/2023,,7.8,1.26,21.0,7.01,,172,
2644290,100319,"Beans, kidney, light red, canned, sodium added, sugar added, drained and rinsed",豆类，芸豆，浅红色，罐装，添加钠，添加糖，沥干并冲洗,Legumes and Legume Products,豆类及豆制品,10/26/2023,,7.31,1.3,21.4,7.4,,158,
2644291,100320,"Peas, green, sweet, canned, sodium added, sugar added, drained and rinsed",豌豆，绿色，甜味，罐装，添加钠，添加糖，沥干并冲洗,Vegetables and Vegetable Products,蔬菜及蔬菜制品,10/26/2023,,4.73,1.15,12.7,5.95,,207,
2644292,100321,"Beans, pinto, canned, sodium added, drained and rinsed",豆类，斑豆，罐装，添加钠，沥干并冲洗,Legumes and Legume Products,豆类及豆制品,10/26/2023,,6.69,1.27,19.6,7.09,,202,
2644293,100322,"Blackeye pea, canned, sodium added, drained and rinsed",黑眼豆，罐装，添加钠，沥干并冲洗,Legumes and Legume Products,豆类及豆制品,10/26/2023,,6.92,1.3,19.2,4.34,,227,
2644294,100323,"Beans, great northern, canned, sodium added, drained and rinsed",豆类，大北方豆，罐装，添加钠，沥干并冲洗,Legumes and Legume Products,豆类及豆制品,10/26/2023,,7.03,1.27,19.3,6.91,,223,
2646168,100302,"Pork, loin, boneless, raw",猪肉，腰脊，去骨，生,Pork Products,猪肉制品,10/26/2023,,21.1,9.47,0.0,,,40.2,
2646169,100303,"Pork, loin, tenderloin, boneless, raw",猪肉，腰脊，里脊，去骨，生,Pork Products,猪肉制品,10/26/2023,,21.6,3.9,0.0,,,41.4,
2646170,100304,"Chicken, breast, boneless, skinless, raw",鸡肉，胸肉，去骨去皮，生,Poultry Products,禽肉制品,10/26/2023,,22.5,1.93,0.0,,,65.8,
2646171,100305,"Chicken, thigh, boneless, skinless, raw",鸡肉，大腿肉，去骨去皮，生,Poultry Products,禽肉制品,10/26/2023,,18.6,7.92,0.0,,,62.3,
2646172,100306,"Beef, ribeye, steak, boneless, choice, raw",牛肉，肋眼牛排，去骨，精选级（Choice），生,Beef Products,牛肉制品,10/26/2023,,18.7,20.0,0.0,,,42.5,
2646173,100307,"Beef, round, top round, boneless, choice, raw",牛肉，后腿，上后腿肉，去骨，精选级（Choice），生,Beef Products,牛肉制品,10/26/2023,,21.5,5.7,0.852,,,45.5,
2646174,100308,"Beef, chuck, roast, boneless, choice, raw",牛肉，肩胛烤肉，去骨，精选级（Choice），生,Beef Products,牛肉制品,10/26/2023,,18.4,17.8,0.0,,,48.4,
2646175,100309,"Beef, flank, steak, boneless, choice, raw",牛肉，腹胁牛排，去骨，精选级（Choice），生,Beef Products,牛肉制品,10/26/2023,,20.1,9.4,0.0,,,51.3,
2647437,100295,"Yogurt, plain, nonfat",酸奶，原味，脱脂,Dairy and Egg Products,乳制品及蛋类,10/26/2023,,4.23,0.087,8.08,,,51.5,
2647438,100296,"Cheese, monterey jack, solid",奶酪，蒙特雷杰克奶酪，固体,Dairy and Egg Products,乳制品及蛋类,10/26/2023,,22.6,32.6,1.9,,,662,
2647439,100297,"Cheese, pasteurized process cheese food or product, American, singles",奶酪，巴氏杀菌再制干酪食品或制品，美式，单片装,Dairy and Egg Products,乳制品及蛋类,10/26/2023,,15.6,23.9,8.19,,,1420.0,
2647440,100298,"Cheese, provolone, sliced",奶酪，普罗卧干酪，切片,Dairy and Egg Products,乳制品及蛋类,10/26/2023,,23.5,28.1,2.45,,,601,
2647441,100299,"Cheese, oaxaca, solid",奶酪，瓦哈卡奶酪，固体,Dairy and Egg Products,乳制品及蛋类,10/26/2023,,22.1,22.1,2.4,,,734,
2647442,100300,"Cheese, queso fresco, solid",奶酪，墨西哥鲜奶酪，固体,Dairy and Egg Products,乳制品及蛋类,10/26/2023,,18.9,23.4,2.96,,,626,
2647443,100301,"Cheese, cotija, solid",奶酪，科蒂哈奶酪，固体,Dairy and Egg Products,乳制品及蛋类,10/26/2023,,23.8,27.2,2.72,,,1620.0,
2684440,100324,"Fish, salmon, sockeye, wild caught, raw",鲑鱼，红鲑，野生捕捞，生,Finfish and Shellfish Products,鱼类及贝类制品,4/18/2024,,22.3,4.94,0.0,,,53.3,
2684441,15236,"Fish, salmon, Atlantic, farm raised, raw",鲑鱼，大西洋，养殖，生,Finfish and Shellfish Products,鱼类及贝类制品,4/18/2024,,20.3,13.1,0.0,,,49.5,
2684442,100326,"Fish, tilapia, farm raised, raw",鱼，罗非鱼，养殖，生,Finfish and Shellfish Products,鱼类及贝类制品,4/18/2024,,19.0,2.48,0.0,,,93.7,
2684443,100327,"Crustaceans, shrimp, farm raised, raw",甲壳类，虾，养殖，生,Finfish and Shellfish Products,鱼类及贝类制品,4/18/2024,,15.6,0.801,0.485,,,475,
2684444,100328,"Fish, cod, Atlantic, wild caught, raw",鱼，鳕鱼，大西洋，野生捕捞，生,Finfish and Shellfish Products,鱼类及贝类制品,4/18/2024,,16.1,0.668,0.0,,,299,
2684445,15234,"Fish, catfish, farm raised, raw",鱼，鲶鱼，养殖，生,Finfish and Shellfish Products,鱼类及贝类制品,4/18/2024,,16.5,7.31,0.0,,,60.5,
2684446,100330,"Crustaceans, crab, blue swimming, lump, pasteurized, refrigerated",甲壳类，蟹，梭子蟹，大块蟹肉，巴氏杀菌，冷藏,Finfish and Shellfish Products,鱼类及贝类制品,4/18/2024,,18.6,0.808,0.0,,,331,
2685568,100331,"Squash, summer, green, zucchini, includes skin, raw",夏南瓜，绿色，西葫芦，含皮，生,Vegetables and Vegetable Products,蔬菜及蔬菜制品,4/18/2024,,0.984,0.205,3.27,0.752,,0.0,
2685569,100332,"Squash, summer, yellow, includes skin, raw",夏南瓜，黄色，含皮，生,Vegetables and Vegetable Products,蔬菜及蔬菜制品,4/18/2024,,0.891,0.135,4.39,0.956,,0.0,
2685570,11485,"Squash, winter, butternut, raw",冬南瓜，奶油南瓜，生,Vegetables and Vegetable Products,蔬菜及蔬菜制品,4/18/2024,,1.15,0.168,10.5,1.96,,0.0,
2685571,11482,"Squash, winter, acorn, raw",冬南瓜，橡果南瓜，生,Vegetables and Vegetable Products,蔬菜及蔬菜制品,4/18/2024,,1.25,0.182,10.5,2.64,,0.0,
2685572,11116,"Cabbage, bok choy, raw",甘蓝，小白菜，生,Vegetables and Vegetable Products,蔬菜及蔬菜制品,4/18/2024,,1.02,0.234,3.51,1.26,,14.3,
2685573,11135,"Cauliflower, raw",花椰菜，生,Vegetables and Vegetable Products,蔬菜及蔬菜制品,4/18/2024,,1.64,0.238,4.72,1.95,,20.0,
2685574,11161,"Collards, raw",羽衣甘蓝叶，生,Vegetables and Vegetable Products,蔬菜及蔬菜制品,4/18/2024,,2.97,0.77,7.02,3.82,,18.4,
2685575,11098,"Brussels sprouts, raw",抱子甘蓝，生,Vegetables and Vegetable Products,蔬菜及蔬菜制品,4/18/2024,,3.98,0.565,9.62,4.78,,25.7,
2685576,11080,"Beets, raw",甜菜根，生,Vegetables and Vegetable Products,蔬菜及蔬菜制品,4/18/2024,,1.69,0.302,8.79,3.12,5.1,112,
2685577,11209,"Eggplant, raw",茄子，生,Vegetables and Vegetable Products,蔬菜及蔬菜制品,4/18/2024,,0.852,0.12,5.4,2.45,2.35,0.442,
2685578,100341,"Tomatoes, whole, canned, solids and liquids, with salt added",番茄，完整，罐装，固形物及液体，加盐,Vegetables and Vegetable Products,蔬菜及蔬菜制品,4/18/2024,,0.868,0.206,4.29,0.872,2.61,112,
2685579,100342,"Tomato, sauce, canned, with salt added",番茄，酱汁，罐装，加盐,Vegetables and Vegetable Products,蔬菜及蔬菜制品,4/18/2024,,1.35,0.382,6.33,1.64,3.52,417,
2685580,11546,"Tomato, paste, canned, without salt added",番茄膏，罐装，未加盐,Vegetables and Vegetable Products,蔬菜及蔬菜制品,4/18/2024,,4.23,0.732,20.2,4.7,11.7,61.2,
2685581,11693,"Tomatoes, crushed, canned",番茄，压碎，罐装,Vegetables and Vegetable Products,蔬菜及蔬菜制品,4/18/2024,,1.44,0.398,7.14,1.94,3.74,140,
2685582,100345,"Tomato, puree, canned",番茄泥，罐装,Vegetables and Vegetable Products,蔬菜及蔬菜制品,4/18/2024,,1.58,0.265,8.04,1.97,4.31,29.4,
2710815,9021,"Apricot, with skin, raw",杏，带皮，生,Fruits and Fruit Juices,水果及果汁,10/31/2024,,0.961,0.405,10.2,1.51,6.25,0.0,
2710816,9184,"Melons, honeydew, raw",瓜类，蜜瓜，生,Fruits and Fruit Juices,水果及果汁,10/31/2024,,0.531,0.216,8.15,,7.03,21.2,
2710817,9277,"Plantains, ripe, raw",大蕉，成熟，生,Fruits and Fruit Juices,水果及果汁,10/31/2024,,1.16,0.893,31.0,2.12,14.2,0.0,
2710818,9542,"Plantains, underripe, raw",大蕉，未完全成熟，生,Fruits and Fruit Juices,水果及果汁,10/31/2024,,1.23,0.685,33.6,2.53,2.41,0.0,
2710819,12006,"Chia seeds, dry, raw",奇亚籽，干燥，生,Cereal Grains and Pasta,谷物及面食,10/31/2024,,17.0,32.9,38.3,,,0.0,
2710820,20012,"Bulgur, dry, raw",布格麦，干燥，生,Cereal Grains and Pasta,谷物及面食,10/31/2024,,11.8,2.42,75.9,11.7,,2.18,
2710821,20088,"Wild rice, dry, raw",菰米，干燥，生,Cereal Grains and Pasta,谷物及面食,10/31/2024,,12.8,1.7,75.7,4.26,,1.01,
2710822,100346,"Arugula, baby, raw",芝麻菜，嫩/幼小，生,Vegetables and Vegetable Products,蔬菜及蔬菜制品,10/31/2024,,1.65,0.325,5.37,2.28,,86.9,
2710823,100347,"Asparagus, green, raw",芦笋，绿色，生,Vegetables and Vegetable Products,蔬菜及蔬菜制品,10/31/2024,,1.44,0.216,5.1,1.88,,2.46,
2710824,100348,"Avocado, Hass, peeled, raw",鳄梨，哈斯，去皮，生,Fruits and Fruit Juices,水果及果汁,10/31/2024,,1.81,20.3,8.32,,,0.0,
2710825,100349,"Rice, black, unenriched, raw",大米，黑色，未强化，生,Cereal Grains and Pasta,谷物及面食,10/31/2024,,7.57,3.44,77.2,4.18,,0.0,
2710826,100350,"Corn, sweet, yellow and white kernels,  fresh, raw",玉米，甜味，黄白混合玉米粒，新鲜，生,Vegetables and Vegetable Products,蔬菜及蔬菜制品,10/31/2024,,2.79,1.63,14.7,2.43,7.37,0.0,
2710827,100351,"Einkorn, grain, dry, raw",一粒小麦，谷粒，干燥，生,Cereal Grains and Pasta,谷物及面食,10/31/2024,,15.1,3.81,68.7,8.91,,0.0,
2710828,100352,"Farro, pearled, dry, raw",法罗麦，去皮抛光，干燥，生,Cereal Grains and Pasta,谷物及面食,10/31/2024,,12.6,3.1,72.1,7.31,,0.845,
2710829,100353,"Fonio, grain, dry, raw",福尼奥米，谷粒，干燥，生,Cereal Grains and Pasta,谷物及面食,10/31/2024,,7.17,1.69,81.3,2.2,,2.97,
2710830,100356,"Khorasan, grain, dry, raw",卡姆小麦，谷粒，干燥，生,Cereal Grains and Pasta,谷物及面食,10/31/2024,,14.8,2.8,71.8,10.5,,3.94,
2710831,100357,"Kiwifruit (kiwi), green, peeled, raw",猕猴桃（猕猴桃），绿色，去皮，生,Fruits and Fruit Juices,水果及果汁,10/31/2024,,1.01,0.64,13.8,2.13,8.56,2.28,
2710832,100358,"Mandarin, seedless, peeled, raw",柑橘，无籽，去皮，生,Fruits and Fruit Juices,水果及果汁,10/31/2024,,1.04,0.458,13.4,1.33,9.12,0.0,
2710833,100359,"Mango, Tommy Atkins, peeled, raw",芒果，汤米·阿特金斯，去皮，生,Fruits and Fruit Juices,水果及果汁,10/31/2024,,0.562,0.572,15.3,1.75,10.7,0.0,
2710834,100360,"Mango, Ataulfo, peeled, raw",芒果，阿陶尔福，去皮，生,Fruits and Fruit Juices,水果及果汁,10/31/2024,,0.688,0.681,17.4,1.29,11.1,0.0,
2710835,100361,"Corn flour, masa harina, white or yellow, dry, raw",玉米 面粉，玉米玛萨粉，白色 或 黄色，干燥，生,Cereal Grains and Pasta,谷物及面食,10/31/2024,,7.56,4.34,76.7,7.04,,2.73,
2710836,9415,"Pear, Anjou, green, with skin, raw",梨，安茹，绿色，带皮，生,Fruits and Fruit Juices,水果及果汁,10/31/2024,,0.312,0.371,14.8,2.64,7.8,0.398,
2710837,100363,"Plum, black, with skin, raw",李子，黑色，带皮，生,Fruits and Fruit Juices,水果及果汁,10/31/2024,,0.578,0.282,13.5,1.35,7.96,0.0,
2710838,100364,"Rice, red, unenriched, dry, raw",大米，红色，未强化，干燥，生,Cereal Grains and Pasta,谷物及面食,10/31/2024,,8.56,3.44,76.2,4.2,,0.438,
2710839,100365,"Sorghum bran, white, unenriched, dry, raw",高粱 麸皮，白色，未强化，干燥，生,Cereal Grains and Pasta,谷物及面食,10/31/2024,,11.2,9.26,68.7,35.0,,2.92,
2710840,100366,"Sorghum flour, white, pearled, unenriched, dry, raw",高粱 面粉，白色，去皮抛光，未强化，干燥，生,Cereal Grains and Pasta,谷物及面食,10/31/2024,,10.2,3.24,73.5,3.3,,0.0,
2710841,100367,"Sorghum grain, white, pearled, unenriched, dry, raw",高粱 谷粒，白色，去皮抛光，未强化，干燥，生,Cereal Grains and Pasta,谷物及面食,10/31/2024,,10.2,3.26,74.9,3.92,,0.0,
2710842,100368,"Sorghum, whole grain, white, dry, raw",高粱，全谷物，白色，干燥，生,Cereal Grains and Pasta,谷物及面食,10/31/2024,,10.1,4.22,73.6,8.27,,0.329,
2710843,100371,"Plantains, overripe, raw",大蕉，过熟，生,Fruits and Fruit Juices,水果及果汁,10/31/2024,,1.17,0.99,29.2,1.79,19.2,0.0,
2727566,100372,"Chicken, drumstick, meat and skin, raw",鸡肉，鸡小腿，肉和皮，生,Poultry Products,禽肉制品,4/24/2025,,18.4,5.94,-0.475,,,91.0,
2727567,100373,"Chicken, thigh, meat and skin, raw",鸡肉，大腿肉，肉和皮，生,Poultry Products,禽肉制品,4/24/2025,,17.1,13.4,-0.173,,,63.6,
2727568,100374,"Chicken, wing, meat and skin, raw",鸡肉，鸡翅，肉和皮，生,Poultry Products,禽肉制品,4/24/2025,,18.4,10.6,-0.459,,,84.1,
2727569,100375,"Chicken, breast, meat and skin, raw",鸡肉，胸肉，肉和皮，生,Poultry Products,禽肉制品,4/24/2025,,21.4,4.78,-0.428,,,48.1,
2727570,17224,"Lamb, ground, raw",羊肉，绞碎，生,"Lamb, Veal, and Game Products",羊肉、小牛肉及野味制品,4/24/2025,,17.5,18.6,-0.251,,,53.4,
2727571,100376,"Bison, ground, raw",野牛肉，绞碎，生,"Lamb, Veal, and Game Products",羊肉、小牛肉及野味制品,4/24/2025,,19.9,8.88,-0.15,,,55.7,
2727572,100377,"Beef, short loin (NY strip steak), raw",牛肉，短腰脊（纽约客牛排），生,Beef Products,牛肉制品,4/24/2025,,21.3,11.5,0.221,,,43.1,
2727573,100378,"Beef, tenderloin steak, raw",牛肉，里脊牛排，生,Beef Products,牛肉制品,4/24/2025,,21.1,6.46,0.18,,,44.8,
2727574,100379,"Beef, top sirloin steak, raw",牛肉，上西冷牛排，生,Beef Products,牛肉制品,4/24/2025,,22.0,5.71,0.218,,,42.8,
2727575,100380,"Pork, chop, center cut, raw",猪肉，排，中段切块，生,Pork Products,猪肉制品,4/24/2025,,22.8,5.48,-0.562,,,39.3,
2727576,100381,"Pork, belly, with skin, raw",猪肉，腹部，带皮，生,Pork Products,猪肉制品,4/24/2025,,15.2,35.8,-0.705,,,49.7,
2727577,100382,"Pawpaw, peeled, seeded, raw",美洲番荔枝，去皮，去籽，生,Fruits and Fruit Juices,水果及果汁,4/24/2025,,1.15,,,3.3,14.1,0.351,
2727578,100385,"Squash, pie pumpkin, peeled, seeded, raw",南瓜，馅饼南瓜，去皮，去籽，生,Vegetables and Vegetable Products,蔬菜及蔬菜制品,4/24/2025,,0.854,,,2.3,4.14,0.312,
2727579,100386,"Squash, spaghetti, peeled, seeded, raw",意面南瓜，去皮，去籽，生,Vegetables and Vegetable Products,蔬菜及蔬菜制品,4/24/2025,,0.792,,,1.4,4.01,0.312,
2727580,100387,"Rutabaga, peeled, raw",芜菁甘蓝，去皮，生,Vegetables and Vegetable Products,蔬菜及蔬菜制品,4/24/2025,,0.888,,,2.9,6.01,4.59,
2727581,9042,"Blackberries, raw",黑莓，生,Fruits and Fruit Juices,水果及果汁,4/24/2025,,1.53,,,5.3,6.52,1.55,
2727582,100388,"Tomatillos, dehusked, raw",酸浆番茄，去外壳，生,Vegetables and Vegetable Products,蔬菜及蔬菜制品,4/24/2025,,1.06,,,1.7,2.87,0.311,
2727583,100389,"Cabbage, napa, leaf, destemmed, raw",大白菜，叶，去茎，生,Vegetables and Vegetable Products,蔬菜及蔬菜制品,4/24/2025,,1.06,,,1.2,2.77,12.6,
2727584,100390,"Leeks, bulb and greens, root removed, raw",韭葱，鳞茎和绿色叶部，去根，生,Vegetables and Vegetable Products,蔬菜及蔬菜制品,4/24/2025,,1.47,,,3.0,3.15,17.7,
2727585,100391,"Green onion, (scallion), bulb and greens, root removed, raw",青葱（香葱），鳞茎和绿色叶部，去根，生,Vegetables and Vegetable Products,蔬菜及蔬菜制品,4/24/2025,,0.669,,,2.3,2.62,9.95,
2727586,100392,"Shallots, bulb, peeled, root removed, raw",红葱头，鳞茎，去皮，去根，生,Vegetables and Vegetable Products,蔬菜及蔬菜制品,4/24/2025,,1.38,,,2.2,4.35,3.64,
2727587,100393,"Juice, prune, shelf-stable",西梅汁，常温保存,Fruits and Fruit Juices,水果及果汁,4/24/2025,,0.423,,,,14.8,10.3,
2727588,100394,"Juice, pomegranate, from concentrate, shelf-stable",石榴汁，浓缩还原，常温保存,Fruits and Fruit Juices,水果及果汁,4/24/2025,,0.0,,,,13.3,4.04,
2727589,100395,"Juice, tart cherry, from concentrate, shelf-stable",果汁，酸樱桃，浓缩还原，常温保存,Fruits and Fruit Juices,水果及果汁,4/24/2025,,0.147,,,,10.9,1.36,
2747652,100412,"Anchovies, canned in olive oil, with salt, drained",凤尾鱼，罐装 in 橄榄 油，含 盐，沥干,Finfish and Shellfish Products,鱼类及贝类制品,12/18/2025,,26.9,9.85,2.41,,,5400.0,
2747653,11086,"Beet greens, raw",甜菜叶，生,Vegetables and Vegetable Products,蔬菜及蔬菜制品,12/18/2025,,1.61,0.144,4.66,2.58,0.89,280,
2747654,100406,"Cod, Pacific or Alaskan, frozen, wild caught",鳕鱼，太平洋或阿拉斯加，冷冻，野生捕捞,Finfish and Shellfish Products,鱼类及贝类制品,12/18/2025,,14.2,0.216,0.524,,,354,
2747655,11957,"Fennel, bulb, raw",茴香鳞茎，生,Vegetables and Vegetable Products,蔬菜及蔬菜制品,12/18/2025,,0.922,0.14,5.49,2.05,3.2,49.0,
2747656,100407,"Halibut, frozen, wild caught",大比目鱼，冷冻，野生捕捞,Finfish and Shellfish Products,鱼类及贝类制品,12/18/2025,,19.1,0.592,-0.06,,,108,
2747657,100411,"Lobster, tail only, frozen, wild caught",龙虾，仅尾部，冷冻，野生捕捞,Finfish and Shellfish Products,鱼类及贝类制品,12/18/2025,,13.0,0.367,0.886,,,509,
2747658,100401,"Mahi mahi, frozen, wild caught",鲯鳅，冷冻，野生捕捞,Finfish and Shellfish Products,鱼类及贝类制品,12/18/2025,,19.8,0.377,0.287,,,51.9,
2747659,11298,"Parsnips, raw",欧防风，生,Vegetables and Vegetable Products,蔬菜及蔬菜制品,12/18/2025,,1.27,0.538,19.3,5.35,10.5,0.491,
2747660,100396,"Peppers, banana or Hungarian wax, seeded, raw",辣椒，香蕉椒或匈牙利蜡椒，去籽，生,Vegetables and Vegetable Products,蔬菜及蔬菜制品,12/18/2025,,0.723,0.131,4.97,1.79,2.71,0.0,
2747661,100397,"Peppers, jalapeno, seeded, raw",辣椒，墨西哥青辣椒，去籽，生,Vegetables and Vegetable Products,蔬菜及蔬菜制品,12/18/2025,,0.621,0.149,5.08,1.72,2.7,0.0,
2747662,100398,"Peppers, poblano, seeded, raw",辣椒，波布拉诺椒，去籽，生,Vegetables and Vegetable Products,蔬菜及蔬菜制品,12/18/2025,,1.43,0.191,5.14,2.07,2.68,0.0,
2747663,100399,"Peppers, serrano, seeded, raw",辣椒，塞拉诺椒，去籽，生,Vegetables and Vegetable Products,蔬菜及蔬菜制品,12/18/2025,,0.856,0.141,6.14,2.52,2.52,0.0,
2747664,11952,"Radicchio, raw",红菊苣，生,Vegetables and Vegetable Products,蔬菜及蔬菜制品,12/18/2025,,1.31,0.143,4.96,2.11,2.25,8.08,
2747665,100400,"Radishes, red, raw",红萝卜，红色，生,Vegetables and Vegetable Products,蔬菜及蔬菜制品,12/18/2025,,0.656,0.083,4.06,1.31,2.64,51.2,
2747666,100409,"Scallops, bay, Patagonian, frozen, wild caught",海湾扇贝，巴塔哥尼亚产，冷冻，野生捕捞,Finfish and Shellfish Products,鱼类及贝类制品,12/18/2025,,16.4,0.419,2.28,,,252,
2747667,100408,"Scallops, sea, frozen, wild caught",海扇贝，冷冻，野生捕捞,Finfish and Shellfish Products,鱼类及贝类制品,12/18/2025,,13.5,0.493,1.97,,,313,
2747668,100405,"Sea bass, Chilean, frozen, wild caught",智利海鲈，冷冻，野生捕捞,Finfish and Shellfish Products,鱼类及贝类制品,12/18/2025,,14.9,16.6,0.139,,,109,
2747669,100404,"Snapper, frozen, wild caught",笛鲷，冷冻，野生捕捞,Finfish and Shellfish Products,鱼类及贝类制品,12/18/2025,,20.7,0.569,0.441,,,93.1,
2747670,100410,"Snow crab, legs only, frozen  ",雪蟹，仅蟹腿，冷冻,Finfish and Shellfish Products,鱼类及贝类制品,12/18/2025,,15.5,0.294,1.11,,,728,
2747671,100403,"Squid (calamari), frozen, tubes only",鱿鱼，冷冻，仅胴体,Finfish and Shellfish Products,鱼类及贝类制品,12/18/2025,,8.81,0.551,0.932,,,272,
2747672,100402,"Swordfish, frozen, wild caught",剑鱼，冷冻，野生捕捞,Finfish and Shellfish Products,鱼类及贝类制品,12/18/2025,,19.2,8.12,0.45,,,56.9,
2747673,100413,"Tuna, ahi or yellowfin, frozen, wild caught",金枪鱼，黄鳍金枪鱼，冷冻，野生捕捞,Finfish and Shellfish Products,鱼类及贝类制品,12/18/2025,,24.7,0.388,-0.104,,,94.4,
2747674,11564,"Turnips, raw",芜菁，生,Vegetables and Vegetable Products,蔬菜及蔬菜制品,12/18/2025,,0.953,0.119,7.27,1.92,5.09,12.8,
2747675,100383,"Watermelon, seedless, flesh only, raw",西瓜，无籽，仅果肉，生,Fruits and Fruit Juices,水果及果汁,12/18/2025,,0.871,,,,7.2,0.0,
2747676,100384,"Watermelon, seedless, rind only, raw",西瓜，无籽，仅果皮，生,Fruits and Fruit Juices,水果及果汁,12/18/2025,,0.531,0.07,4.17,1.54,2.22,3.76,
