fdcId,英文食品名,中文食品名,状态,可能需要复核的英文词
321358,"Hummus, commercial",鹰嘴豆泥，商业生产,已自动校验,
321360,"Tomatoes, grape, raw",番茄，葡萄型，生,已自动校验,
321611,"Beans, snap, green, canned, regular pack, drained solids",豆类，嫩荚，绿色，罐装，普通装，沥干固形物,已自动校验,
323121,"Frankfurter, beef, unheated",法兰克福香肠，牛肉，未加热,已自动校验,
323294,"Nuts, almonds, dry roasted, with salt added",坚果，杏仁，干烤，加盐,已自动校验,
323505,"Kale, raw",羽衣甘蓝，生,已自动校验,
323604,"Egg, whole, raw, frozen, pasteurized",鸡蛋，整蛋，生，冷冻，巴氏杀菌,已自动校验,
323697,"Egg, white, raw, frozen, pasteurized",鸡蛋，蛋清，生，冷冻，巴氏杀菌,已自动校验,
323793,"Egg, white, dried",鸡蛋，蛋清，干制,已自动校验,
324317,"Onion rings, breaded, par fried, frozen, prepared, heated in oven",洋葱圈，裹面包屑，预炸，冷冻，制备后烤箱加热,已自动校验,
324653,"Pickles, cucumber, dill or kosher dill",腌黄瓜，黄瓜，莳萝或犹太式莳萝,已自动校验,
325036,"Cheese, parmesan, grated",奶酪，帕尔马干酪，磨碎,已自动校验,
325198,"Cheese, pasteurized process, American, vitamin D fortified",奶酪，巴氏杀菌再制，美式，维生素D强化,已自动校验,
325287,"Grapefruit juice, white, canned or bottled, unsweetened",葡萄柚汁，白色，罐装 或 瓶装，无糖,已自动校验,
325430,"Peaches, yellow, raw",桃，黄色，生,已自动校验,
325524,"Seeds, sunflower seed kernels, dry roasted, with salt added",种子，葵花籽仁，干烤，加盐,已自动校验,
326196,"Kale, frozen, cooked, boiled, drained, without salt",羽衣甘蓝，冷冻，熟制，水煮，沥干，不加盐,已自动校验,
326698,"Mustard, prepared, yellow",芥末酱，已制备，黄色,已自动校验,
327046,"Kiwifruit, green, raw",猕猴桃，绿色，生,已自动校验,
327357,"Nectarines, raw",油桃，生,已自动校验,
328637,"Cheese, cheddar",奶酪，切达干酪,已自动校验,
328841,"Cheese, cottage, lowfat, 2% milkfat",茅屋奶酪，低脂，2% 乳脂,已自动校验,
329370,"Cheese, mozzarella, low moisture, part-skim",奶酪，马苏里拉奶酪，低水分，部分脱脂,已自动校验,
329490,"Egg, whole, dried",鸡蛋，整蛋，干制,已自动校验,
329596,"Egg, yolk, raw, frozen, pasteurized",鸡蛋，蛋黄，生，冷冻，巴氏杀菌,已自动校验,
329716,"Egg, yolk, dried",鸡蛋，蛋黄，干制,已自动校验,
330137,"Yogurt, Greek, plain, nonfat",酸奶，希腊式，原味，脱脂,已自动校验,
330415,"Yogurt, Greek, strawberry, nonfat",酸奶，希腊式，草莓，脱脂,已自动校验,
330458,"Oil, coconut",油，椰子,已自动校验,
331897,"Chicken, broilers or fryers, drumstick, meat only, cooked, braised",鸡肉，肉用仔鸡，鸡小腿，仅肉，熟制，炖煮,已自动校验,
331960,"Chicken, broiler or fryers, breast, skinless, boneless, meat only, cooked, braised",鸡肉，肉用仔鸡，胸肉，去皮去骨，仅肉，熟制，炖煮,已自动校验,
332282,"Sauce, pasta, spaghetti/marinara, ready-to-serve",酱汁，意大利面，意大利面/玛丽娜拉，即食,已自动校验,
332397,"Ham, sliced, pre-packaged, deli meat (96%fat free, water added)",火腿，切片，预包装，熟食肉片（96%脂肪 无，加水）,已自动校验,
332791,"Olives, green, Manzanilla, stuffed with pimiento",橄榄，绿色，曼萨尼亚品种，填充甜椒,已自动校验,
333008,"Cookies, oatmeal, soft, with raisins",曲奇，燕麦，软质，含葡萄干,已自动校验,
333281,"Tomatoes, canned, red, ripe, diced",番茄，罐装，红色，成熟，切丁,已自动校验,
333374,"Fish, haddock, raw",鱼，黑线鳕，生,已自动校验,
333476,"Fish, pollock, raw",鱼，狭鳕，生,已自动校验,
334194,"Fish, tuna, light, canned in water, drained solids",鱼，金枪鱼，浅色，水浸罐装，沥干固形物,已自动校验,
334536,"Restaurant, Chinese, fried rice, without meat",餐厅食品，中式，炒饭，不含 肉,已自动校验,
334628,"Restaurant, Latino, tamale, pork",餐厅食品，拉丁美洲风味，玉米粽，猪肉,已自动校验,
334720,"Restaurant, Latino, pupusas con frijoles (pupusas, bean)",餐厅食品，拉丁美洲风味，豆馅普普萨饼（普普萨饼，豆）,已自动校验,
746758,"Beef, loin, tenderloin roast, separable lean only, boneless, trimmed to 0"" fat, select, cooked, roasted",牛肉，腰脊，里脊烤肉，可分离瘦肉，去骨，脂肪修整至0英寸，选择级（Select），熟制，烘烤,已自动校验,
746759,"Beef, loin, top loin steak, boneless, lip-on, separable lean only, trimmed to 1/8"" fat, choice, raw",牛肉，腰脊，上腰脊牛排，去骨，保留脂肪边，可分离瘦肉，脂肪修整至1/8英寸，精选级（Choice），生,已自动校验,
746760,"Beef, round, eye of round roast, boneless, separable lean only, trimmed to 0"" fat, select, raw",牛肉，后腿，后腿眼肉烤肉，去骨，可分离瘦肉，脂肪修整至0英寸，选择级（Select），生,已自动校验,
746761,"Beef, round, top round roast, boneless, separable lean only, trimmed to 0"" fat, select, raw",牛肉，后腿，上后腿烤肉，去骨，可分离瘦肉，脂肪修整至0英寸，选择级（Select），生,已自动校验,
746762,"Beef, short loin, porterhouse steak, separable lean only, trimmed to 1/8"" fat, select, raw",牛肉，短腰脊，波特豪斯牛排，可分离瘦肉，脂肪修整至1/8英寸，选择级（Select），生,已自动校验,
746763,"Beef, short loin, t-bone steak, bone-in, separable lean only, trimmed to 1/8"" fat, choice, cooked, grilled",牛肉，短腰脊，T骨牛排，带骨，可分离瘦肉，脂肪修整至1/8英寸，精选级（Choice），熟制，烧烤,已自动校验,
746764,"Carrots, frozen, unprepared",胡萝卜，冷冻，未制备,已自动校验,
746765,"Cheese, dry white, queso seco",奶酪，干燥 白色，墨西哥干奶酪,已自动校验,
746766,"Cheese, ricotta, whole milk",奶酪，里科塔奶酪，全脂牛奶,已自动校验,
746767,"Cheese, swiss",奶酪，瑞士奶酪,已自动校验,
746768,"Figs, dried, uncooked",无花果，干制，未烹调,已自动校验,
746769,"Lettuce, cos or romaine, raw",生菜，长叶或罗马生菜，生,已自动校验,
746770,"Melons, cantaloupe, raw",瓜类，哈密瓜，生,已自动校验,
746771,"Oranges, raw, navels",橙子，生，脐橙,已自动校验,
746772,"Milk, lowfat, fluid, 1% milkfat, with added vitamin A and vitamin D",牛奶，低脂，液态，1% 乳脂，添加维生素A和维生素D,已自动校验,
746773,"Pears, raw, bartlett",梨，生，巴特利特,已自动校验,
746774,"Restaurant, Chinese, sweet and sour pork",餐厅食品，中式，咕咾肉,已自动校验,
746775,"Salt, table, iodized",食盐，加碘,已自动校验,
746776,"Milk, nonfat, fluid, with added vitamin A and vitamin D (fat free or skim)",牛奶，脱脂，液态，添加维生素A和维生素D（无脂或脱脂）,已自动校验,
746777,"Sauce, salsa, ready-to-serve",酱汁，莎莎酱，即食,已自动校验,
746778,"Milk, reduced fat, fluid, 2% milkfat, with added vitamin A and vitamin D",牛奶，减脂，液态，2% 乳脂，添加维生素A和维生素D,已自动校验,
746779,"Sausage, breakfast sausage, beef, pre-cooked, unprepared",香肠，早餐香肠，牛肉，预熟，未制备,已自动校验,
746780,"Sausage, Italian, pork, mild, cooked, pan-fried",香肠，意大利式，猪肉，温和风味，熟制，平底锅煎制,已自动校验,
746781,"Sausage, pork, chorizo, link or ground, cooked, pan-fried",香肠，猪肉，西班牙辣香肠，肠衣香肠 或 绞碎，熟制，平底锅煎制,已自动校验,
746782,"Milk, whole, 3.25% milkfat, with added vitamin D",牛奶，完整，3.25% 乳脂，添加维生素D,已自动校验,
746783,"Sausage, turkey, breakfast links, mild, raw",香肠，火鸡肉，早餐 小香肠，温和风味，生,已自动校验,
746784,"Sugars, granulated",白砂糖,已自动校验,
746785,"Turkey, ground, 93% lean, 7% fat, pan-broiled crumbles",火鸡肉，绞碎，93% 瘦肉，7% 脂肪，平底锅烤制碎肉,已自动校验,
746952,"Ham, sliced, restaurant",火腿，切片，餐厅食品,已自动校验,
747429,"Cheese, American, restaurant",奶酪，美式，餐厅食品,已自动校验,
747430,"Beans, Dry, Medium Red (0% moisture)",豆类，干燥，中红豆（0% 水分）,已自动校验,
747431,"Beans, Dry, Red (0% moisture)",豆类，干燥，红色（0% 水分）,已自动校验,
747432,"Beans, Dry, Flor de Mayo (0% moisture)",豆类，干燥，五月花豆（Flor de Mayo）（0% 水分）,已自动校验,
747433,"Beans, Dry, Brown (0% moisture)",豆类，干燥，棕色（0% 水分）,已自动校验,
747434,"Beans, Dry, Tan (0% moisture)",豆类，干燥，黄褐色（0% 水分）,已自动校验,
747435,"Beans, Dry, Light Tan (0% moisture)",豆类，干燥，浅黄褐色（0% 水分）,已自动校验,
747436,"Beans, Dry, Carioca (0% moisture)",豆类，干燥，卡里奥卡豆（0% 水分）,已自动校验,
747437,"Beans, Dry, Cranberry (0% moisture)",豆类，干燥，蔓越莓豆（0% 水分）,已自动校验,
747438,"Beans, Dry, Light Red Kidney (0% moisture)",豆类，干燥，浅红芸豆（0% 水分）,已自动校验,
747439,"Beans, Dry, Pink (0% moisture)",豆类，干燥，粉红色（0% 水分）,已自动校验,
747440,"Beans, Dry, Dark Red Kidney (0% moisture)",豆类，干燥，深红芸豆（0% 水分）,已自动校验,
747441,"Beans, Dry, Navy (0% moisture)",豆类，干燥，海军豆（0% 水分）,已自动校验,
747442,"Beans, Dry, Small White (0% moisture)",豆类，干燥，小白豆（0% 水分）,已自动校验,
747443,"Beans, Dry, Small Red (0% moisture)",豆类，干燥，小红豆（0% 水分）,已自动校验,
747444,"Beans, Dry, Black (0% moisture)",豆类，干燥，黑色（0% 水分）,已自动校验,
747445,"Beans, Dry, Pinto (0% moisture)",豆类，干燥，斑豆（0% 水分）,已自动校验,
747446,"Beans, Dry, Great Northern (0% moisture)",豆类，干燥，大北方豆（0% 水分）,已自动校验,
747447,"Broccoli, raw",西兰花，生,已自动校验,
747693,"Ketchup, restaurant",番茄酱，餐厅食品,已自动校验,
747997,"Eggs, Grade A, Large, egg white",A级大号鸡蛋，蛋清,已自动校验,
748236,"Eggs, Grade A, Large, egg yolk",A级大号鸡蛋，蛋黄,已自动校验,
748278,"Oil, canola",油，菜籽,已自动校验,
748323,"Oil, corn",油，玉米,已自动校验,
748366,"Oil, soybean",油，大豆,已自动校验,
748608,"Oil, olive, extra virgin",特级初榨橄榄油,已自动校验,
748967,"Eggs, Grade A, Large, egg whole",A级大号鸡蛋，整蛋,已自动校验,
749420,"Pork, cured, bacon, cooked, restaurant",腌制猪肉培根，熟制，餐厅食品,已自动校验,
789828,"Butter, stick, unsalted",黄油，条状，无盐,已自动校验,
789890,"Flour, wheat, all-purpose, enriched, bleached",面粉，小麦，通用，强化，漂白,已自动校验,
789951,"Flour, wheat, all-purpose, enriched, unbleached",面粉，小麦，通用，强化，未漂白,已自动校验,
790018,"Flour, wheat, all-purpose, unenriched, unbleached",面粉，小麦，通用，未强化，未漂白,已自动校验,
790085,"Flour, whole wheat, unenriched",面粉，全麦，未强化,已自动校验,
790146,"Flour, bread, white, enriched, unbleached",面粉，面包，白色，强化，未漂白,已自动校验,
790214,"Flour, rice, white, unenriched",面粉，白米，未强化,已自动校验,
790276,"Flour, corn, yellow, fine meal, enriched",面粉，玉米，黄色，细粉，强化,已自动校验,
790508,"Butter, stick, salted",黄油，条状，加盐,已自动校验,
790577,"Onions, red, raw",洋葱，红色，生,已自动校验,
790646,"Onions, yellow, raw",洋葱，黄色，生,已自动校验,
1104647,"Garlic, raw",大蒜，生,已自动校验,
1104705,"Flour, soy, defatted",脱脂大豆粉,已自动校验,
1104766,"Flour, soy, full-fat",全脂大豆粉,已自动校验,
1104812,"Flour, rice, brown",面粉，糙米,已自动校验,
1104867,"Flour, rice, glutinous",糯米粉,已自动校验,
1104913,"Flour, pastry, unenriched, unbleached",面粉，糕点，未强化，未漂白,已自动校验,
1104962,"Onions, white, raw",洋葱，白色，生,已自动校验,
1105073,"Bananas, overripe, raw",香蕉，过熟，生,已自动校验,
1105314,"Bananas, ripe and slightly ripe, raw",香蕉，成熟 和 稍熟，生,已自动校验,
1750339,"Apples, red delicious, with skin, raw",苹果，红蛇果，带皮，生,已自动校验,
1750340,"Apples, fuji, with skin, raw",苹果，富士，带皮，生,已自动校验,
1750341,"Apples, gala, with skin, raw",苹果，嘎啦，带皮，生,已自动校验,
1750342,"Apples, granny smith, with skin, raw",苹果，青苹果（Granny Smith），带皮，生,已自动校验,
1750343,"Apples, honeycrisp, with skin, raw",苹果，蜜脆苹果，带皮，生,已自动校验,
1750348,"Oil, peanut",油，花生,已自动校验,
1750349,"Oil, sunflower",油，向日葵,已自动校验,
1750350,"Oil, safflower",油，红花籽,已自动校验,
1750351,"Oil, olive, extra light",特淡橄榄油,已自动校验,
1999626,"Mushroom, lion's mane",蘑菇，猴头菇,已自动校验,
1999627,"Mushroom, oyster",平菇,已自动校验,
1999628,"Mushrooms, shiitake",蘑菇，香菇,已自动校验,
1999629,"Mushrooms, white button",蘑菇，白蘑菇,已自动校验,
1999630,"Soy milk, unsweetened, plain, shelf stable",大豆 牛奶，无糖，原味，常温保存,已自动校验,
1999631,"Almond milk, unsweetened, plain, shelf stable",杏仁 牛奶，无糖，原味，常温保存,已自动校验,
1999632,"Spinach, baby",嫩菠菜,已自动校验,
1999633,"Spinach, mature",成熟菠菜,已自动校验,
1999634,"Tomato, roma",罗马番茄,已自动校验,
2003586,"Flour, 00",面粉，00,已自动校验,
2003587,"Flour, spelt, whole grain",面粉，斯佩耳特小麦，全谷物,已自动校验,
2003588,"Flour, semolina, coarse and semi-coarse",面粉，粗粒小麦粉，粗粒和中粗粒,已自动校验,
2003589,"Flour, semolina, fine",面粉，细粒粗粒小麦粉,已自动校验,
2003590,"Apple juice, with added vitamin C, from concentrate, shelf stable",苹果汁，添加维生素C，浓缩还原，常温保存,已自动校验,
2003591,"Orange juice, no pulp, not fortified, from concentrate, refrigerated",橙汁，无果肉，未强化，浓缩还原，冷藏,已自动校验,
2003592,"Grape juice, purple, with added vitamin C, from concentrate, shelf stable",葡萄汁，紫色，添加维生素C，浓缩还原，常温保存,已自动校验,
2003593,"Grape juice, white, with added vitamin C, from concentrate, shelf stable",葡萄汁，白色，添加维生素C，浓缩还原，常温保存,已自动校验,
2003594,"Cranberry juice, not fortified, from concentrate, shelf stable",蔓越莓汁，未强化，浓缩还原，常温保存,已自动校验,
2003595,"Grapefruit juice, red, not fortified, not from concentrate, refrigerated",葡萄柚汁，红色，未强化，非浓缩还原，冷藏,已自动校验,
2003596,"Tomato juice, with added ingredients, from concentrate, shelf stable",番茄汁，含 添加配料，浓缩还原，常温保存,已自动校验,
2003597,"Orange juice, no pulp, not fortified, not from concentrate, refrigerated",橙汁，无果肉，未强化，非浓缩还原，冷藏,已自动校验,
2003598,"Mushroom, portabella",蘑菇，大褐菇,已自动校验,
2003599,"Mushroom, king oyster",蘑菇，杏鲍菇,已自动校验,
2003600,"Mushroom, enoki",蘑菇，金针菇,已自动校验,
2003601,"Mushroom, crimini",蘑菇，褐蘑菇,已自动校验,
2003602,"Mushroom, maitake",蘑菇，舞茸,已自动校验,
2003603,"Mushroom, beech",真姬菇,已自动校验,
2003604,"Mushroom, pioppini",蘑菇，茶树菇,已自动校验,
2257044,"Soy milk, sweetened, plain, refrigerated",大豆 牛奶，加糖，原味，冷藏,已自动校验,
2257045,"Almond milk, unsweetened, plain, refrigerated",杏仁 牛奶，无糖，原味，冷藏,已自动校验,
2257046,"Oat milk, unsweetened, plain, refrigerated",燕麦 牛奶，无糖，原味，冷藏,已自动校验,
2258586,"Carrots, mature, raw",胡萝卜，成熟，生,已自动校验,
2258587,"Carrots, baby, raw",胡萝卜，嫩/幼小，生,已自动校验,
2258588,"Peppers, bell, green, raw",甜椒，绿色，生,已自动校验,
2258589,"Peppers, bell, yellow, raw",甜椒，黄色，生,已自动校验,
2258590,"Peppers, bell, red, raw",甜椒，红色，生,已自动校验,
2258591,"Peppers, bell, orange, raw",甜椒，橙色，生,已自动校验,
2259792,"Buttermilk, low fat",酪乳，低脂,已自动校验,
2259793,"Yogurt, plain, whole milk",酸奶，原味，全脂牛奶,已自动校验,
2259794,"Yogurt, Greek, plain, whole milk",酸奶，希腊式，原味，全脂牛奶,已自动校验,
2259795,"Cheese, parmesan, grated, refrigerated",奶酪，帕尔马干酪，磨碎，冷藏,已自动校验,
2259796,"Cheese, feta, whole milk, crumbled",奶酪，菲达奶酪，全脂牛奶，碎粒状,已自动校验,
2261420,"Flour, almond",面粉，杏仁,已自动校验,
2261421,"Flour, oat, whole grain",面粉，燕麦，全谷物,已自动校验,
2261422,"Flour, potato",面粉，马铃薯,已自动校验,
2262072,"Peanut butter, creamy",花生酱，幼滑型,已自动校验,
2262073,"Sesame butter, creamy",芝麻酱，幼滑型,已自动校验,
2262074,"Almond butter, creamy",杏仁酱，幼滑型,已自动校验,
2262075,"Flaxseed, ground",亚麻籽，绞碎,已自动校验,
2346384,"Cottage cheese, full fat, large or small curd",茅屋奶酪，全脂，大凝乳或小凝乳,已自动校验,
2346385,"Cream cheese, full fat, block",奶油奶酪，全脂，块状,已自动校验,
2346386,"Cream, heavy",淡奶油,已自动校验,
2346387,"Cream, sour, full fat",酸奶油，全脂,已自动校验,
2346388,"Lettuce, iceberg, raw",冰山生菜，生,已自动校验,
2346389,"Lettuce, romaine, green, raw",罗马生菜，绿色，生,已自动校验,
2346390,"Lettuce, leaf, red, raw",叶生菜，红色，生,已自动校验,
2346391,"Lettuce, leaf, green, raw",叶生菜，绿色，生,已自动校验,
2346392,"Nuts, pine nuts, raw",坚果，松子，生,已自动校验,
2346393,"Nuts, almonds, whole, raw",坚果，杏仁，完整，生,已自动校验,
2346394,"Nuts, walnuts, English, halves, raw",坚果，英国核桃，半粒，生,已自动校验,
2346395,"Nuts, pecans, halves, raw",坚果，碧根果，半粒，生,已自动校验,
2346396,"Oats, whole grain, rolled, old fashioned",燕麦，全谷物，压片，传统压片,已自动校验,
2346397,"Oats, whole grain, steel cut",燕麦，全谷物，钢切,已自动校验,
2346398,"Pineapple, raw",菠萝，生,已自动校验,
2346399,"Cherries, sweet, dark red, raw",樱桃，甜味，深红色，生,已自动校验,
2346400,"Beans, snap, green, raw",豆类，嫩荚，绿色，生,已自动校验,
2346401,"Potatoes, russet, without skin, raw",马铃薯，褐皮马铃薯，去皮，生,已自动校验,
2346402,"Potatoes, red, without skin, raw",马铃薯，红色，去皮，生,已自动校验,
2346403,"Potatoes, gold, without skin, raw",马铃薯，黄皮马铃薯，去皮，生,已自动校验,
2346404,"Sweet potatoes, orange flesh, without skin, raw",甘薯，橙色果肉，去皮，生,已自动校验,
2346405,"Celery, raw",芹菜，生,已自动校验,
2346406,"Cucumber, with peel, raw",黄瓜，带皮，生,已自动校验,
2346407,"Cabbage, green, raw",甘蓝，绿色，生,已自动校验,
2346408,"Cabbage, red, raw",甘蓝，红色，生,已自动校验,
2346409,"Strawberries, raw",草莓，生,已自动校验,
2346410,"Raspberries, raw",覆盆子，生,已自动校验,
2346411,"Blueberries, raw",蓝莓，生,已自动校验,
2346412,"Grapes, red, seedless, raw",葡萄，红色，无籽，生,已自动校验,
2346413,"Grapes, green, seedless, raw",葡萄，绿色，无籽，生,已自动校验,
2346414,"Applesauce, unsweetened, with added vitamin C",苹果酱，无糖，添加维生素C,已自动校验,
2512371,"Flour, amaranth",面粉，苋米,已自动校验,
2512372,"Flour, quinoa",面粉，藜麦,已自动校验,
2512373,"Flour, sorghum",面粉，高粱,已自动校验,
2512374,"Flour, buckwheat",面粉，荞麦,已自动校验,
2512375,"Flour, rye",面粉，黑麦,已自动校验,
2512376,"Flour, barley",面粉，大麦,已自动校验,
2512377,"Flour, cassava",面粉，木薯,已自动校验,
2512378,"Buckwheat, whole grain",荞麦，全谷物,已自动校验,
2512379,"Millet, whole grain",小米，全谷物,已自动校验,
2512380,"Rice, brown, long grain, unenriched, raw",糙米，长粒，未强化，生,已自动校验,
2512381,"Rice, white, long grain, unenriched, raw",白米，长粒，未强化，生,已自动校验,
2514743,"Beef, ground, 90% lean meat / 10% fat, raw",牛肉，绞碎，90% 瘦肉/10% 脂肪，生,已自动校验,
2514744,"Beef, ground, 80% lean meat / 20% fat, raw",牛肉，绞碎，80% 瘦肉/20% 脂肪，生,已自动校验,
2514745,"Pork, ground, raw",猪肉，绞碎，生,已自动校验,
2514746,"Chicken, ground, with additives, raw",鸡肉，绞碎，含添加剂，生,已自动校验,
2514747,"Turkey, ground, 93% lean/ 7% fat, raw",火鸡肉，绞碎，93% 瘦肉/7% 脂肪，生,已自动校验,
2515373,"Nuts, brazilnuts, raw",坚果，巴西坚果，生,已自动校验,
2515374,"Nuts, cashew nuts, raw",坚果，腰果，生,已自动校验,
2515375,"Nuts, hazelnuts or filberts, raw",坚果，榛子，生,已自动校验,
2515376,"Peanuts, raw",花生，生,已自动校验,
2515377,"Flour, chestnut",面粉，栗子,已自动校验,
2515378,"Nuts, macadamia nuts, raw",坚果，夏威夷果，生,已自动校验,
2515379,"Nuts, pistachio nuts, raw",坚果，开心果，生,已自动校验,
2515380,"Seeds, pumpkin seeds (pepitas), raw",种子，南瓜籽（南瓜籽仁），生,已自动校验,
2515381,"Seeds, sunflower seed, kernel, raw",种子，葵花籽，籽仁，生,已自动校验,
2515382,"Flour, coconut",面粉，椰子,已自动校验,
2644281,"Beans, cannellini, dry",豆类，白芸豆（Cannellini），干燥,已自动校验,
2644282,"Chickpeas, (garbanzo beans, bengal gram), dry",鹰嘴豆，(鹰嘴豆，孟加拉豆），干燥,已自动校验,
2644283,"Lentils, dry",小扁豆，干燥,已自动校验,
2644284,"Blackeye pea, dry",黑眼豆，干燥,已自动校验,
2644285,"Beans, black, canned, sodium added, drained and rinsed",豆类，黑色，罐装，添加钠，沥干并冲洗,已自动校验,
2644286,"Beans, navy, canned, sodium added, drained and rinsed",豆类，海军豆，罐装，添加钠，沥干并冲洗,已自动校验,
2644287,"Beans, cannellini, canned, sodium added, drained and rinsed",豆类，白芸豆（Cannellini），罐装，添加钠，沥干并冲洗,已自动校验,
2644288,"Chickpeas (garbanzo beans, bengal gram), canned, sodium added, drained and rinsed",鹰嘴豆（鹰嘴豆，孟加拉豆），罐装，添加钠，沥干并冲洗,已自动校验,
2644289,"Beans, kidney, dark red, canned, sodium added, sugar added, drained and rinsed",豆类，芸豆，深红色，罐装，添加钠，添加糖，沥干并冲洗,已自动校验,
2644290,"Beans, kidney, light red, canned, sodium added, sugar added, drained and rinsed",豆类，芸豆，浅红色，罐装，添加钠，添加糖，沥干并冲洗,已自动校验,
2644291,"Peas, green, sweet, canned, sodium added, sugar added, drained and rinsed",豌豆，绿色，甜味，罐装，添加钠，添加糖，沥干并冲洗,已自动校验,
2644292,"Beans, pinto, canned, sodium added, drained and rinsed",豆类，斑豆，罐装，添加钠，沥干并冲洗,已自动校验,
2644293,"Blackeye pea, canned, sodium added, drained and rinsed",黑眼豆，罐装，添加钠，沥干并冲洗,已自动校验,
2644294,"Beans, great northern, canned, sodium added, drained and rinsed",豆类，大北方豆，罐装，添加钠，沥干并冲洗,已自动校验,
2646168,"Pork, loin, boneless, raw",猪肉，腰脊，去骨，生,已自动校验,
2646169,"Pork, loin, tenderloin, boneless, raw",猪肉，腰脊，里脊，去骨，生,已自动校验,
2646170,"Chicken, breast, boneless, skinless, raw",鸡肉，胸肉，去骨去皮，生,已自动校验,
2646171,"Chicken, thigh, boneless, skinless, raw",鸡肉，大腿肉，去骨去皮，生,已自动校验,
2646172,"Beef, ribeye, steak, boneless, choice, raw",牛肉，肋眼牛排，去骨，精选级（Choice），生,已自动校验,
2646173,"Beef, round, top round, boneless, choice, raw",牛肉，后腿，上后腿肉，去骨，精选级（Choice），生,已自动校验,
2646174,"Beef, chuck, roast, boneless, choice, raw",牛肉，肩胛烤肉，去骨，精选级（Choice），生,已自动校验,
2646175,"Beef, flank, steak, boneless, choice, raw",牛肉，腹胁牛排，去骨，精选级（Choice），生,已自动校验,
2647437,"Yogurt, plain, nonfat",酸奶，原味，脱脂,已自动校验,
2647438,"Cheese, monterey jack, solid",奶酪，蒙特雷杰克奶酪，固体,已自动校验,
2647439,"Cheese, pasteurized process cheese food or product, American, singles",奶酪，巴氏杀菌再制干酪食品或制品，美式，单片装,已自动校验,
2647440,"Cheese, provolone, sliced",奶酪，普罗卧干酪，切片,已自动校验,
2647441,"Cheese, oaxaca, solid",奶酪，瓦哈卡奶酪，固体,已自动校验,
2647442,"Cheese, queso fresco, solid",奶酪，墨西哥鲜奶酪，固体,已自动校验,
2647443,"Cheese, cotija, solid",奶酪，科蒂哈奶酪，固体,已自动校验,
2684440,"Fish, salmon, sockeye, wild caught, raw",鲑鱼，红鲑，野生捕捞，生,已自动校验,
2684441,"Fish, salmon, Atlantic, farm raised, raw",鲑鱼，大西洋，养殖，生,已自动校验,
2684442,"Fish, tilapia, farm raised, raw",鱼，罗非鱼，养殖，生,已自动校验,
2684443,"Crustaceans, shrimp, farm raised, raw",甲壳类，虾，养殖，生,已自动校验,
2684444,"Fish, cod, Atlantic, wild caught, raw",鱼，鳕鱼，大西洋，野生捕捞，生,已自动校验,
2684445,"Fish, catfish, farm raised, raw",鱼，鲶鱼，养殖，生,已自动校验,
2684446,"Crustaceans, crab, blue swimming, lump, pasteurized, refrigerated",甲壳类，蟹，梭子蟹，大块蟹肉，巴氏杀菌，冷藏,已自动校验,
2685568,"Squash, summer, green, zucchini, includes skin, raw",夏南瓜，绿色，西葫芦，含皮，生,已自动校验,
2685569,"Squash, summer, yellow, includes skin, raw",夏南瓜，黄色，含皮，生,已自动校验,
2685570,"Squash, winter, butternut, raw",冬南瓜，奶油南瓜，生,已自动校验,
2685571,"Squash, winter, acorn, raw",冬南瓜，橡果南瓜，生,已自动校验,
2685572,"Cabbage, bok choy, raw",甘蓝，小白菜，生,已自动校验,
2685573,"Cauliflower, raw",花椰菜，生,已自动校验,
2685574,"Collards, raw",羽衣甘蓝叶，生,已自动校验,
2685575,"Brussels sprouts, raw",抱子甘蓝，生,已自动校验,
2685576,"Beets, raw",甜菜根，生,已自动校验,
2685577,"Eggplant, raw",茄子，生,已自动校验,
2685578,"Tomatoes, whole, canned, solids and liquids, with salt added",番茄，完整，罐装，固形物及液体，加盐,已自动校验,
2685579,"Tomato, sauce, canned, with salt added",番茄，酱汁，罐装，加盐,已自动校验,
2685580,"Tomato, paste, canned, without salt added",番茄膏，罐装，未加盐,已自动校验,
2685581,"Tomatoes, crushed, canned",番茄，压碎，罐装,已自动校验,
2685582,"Tomato, puree, canned",番茄泥，罐装,已自动校验,
2710815,"Apricot, with skin, raw",杏，带皮，生,已自动校验,
2710816,"Melons, honeydew, raw",瓜类，蜜瓜，生,已自动校验,
2710817,"Plantains, ripe, raw",大蕉，成熟，生,已自动校验,
2710818,"Plantains, underripe, raw",大蕉，未完全成熟，生,已自动校验,
2710819,"Chia seeds, dry, raw",奇亚籽，干燥，生,已自动校验,
2710820,"Bulgur, dry, raw",布格麦，干燥，生,已自动校验,
2710821,"Wild rice, dry, raw",菰米，干燥，生,已自动校验,
2710822,"Arugula, baby, raw",芝麻菜，嫩/幼小，生,已自动校验,
2710823,"Asparagus, green, raw",芦笋，绿色，生,已自动校验,
2710824,"Avocado, Hass, peeled, raw",鳄梨，哈斯，去皮，生,已自动校验,
2710825,"Rice, black, unenriched, raw",大米，黑色，未强化，生,已自动校验,
2710826,"Corn, sweet, yellow and white kernels,  fresh, raw",玉米，甜味，黄白混合玉米粒，新鲜，生,已自动校验,
2710827,"Einkorn, grain, dry, raw",一粒小麦，谷粒，干燥，生,已自动校验,
2710828,"Farro, pearled, dry, raw",法罗麦，去皮抛光，干燥，生,已自动校验,
2710829,"Fonio, grain, dry, raw",福尼奥米，谷粒，干燥，生,已自动校验,
2710830,"Khorasan, grain, dry, raw",卡姆小麦，谷粒，干燥，生,已自动校验,
2710831,"Kiwifruit (kiwi), green, peeled, raw",猕猴桃（猕猴桃），绿色，去皮，生,已自动校验,
2710832,"Mandarin, seedless, peeled, raw",柑橘，无籽，去皮，生,已自动校验,
2710833,"Mango, Tommy Atkins, peeled, raw",芒果，汤米·阿特金斯，去皮，生,已自动校验,
2710834,"Mango, Ataulfo, peeled, raw",芒果，阿陶尔福，去皮，生,已自动校验,
2710835,"Corn flour, masa harina, white or yellow, dry, raw",玉米 面粉，玉米玛萨粉，白色 或 黄色，干燥，生,已自动校验,
2710836,"Pear, Anjou, green, with skin, raw",梨，安茹，绿色，带皮，生,已自动校验,
2710837,"Plum, black, with skin, raw",李子，黑色，带皮，生,已自动校验,
2710838,"Rice, red, unenriched, dry, raw",大米，红色，未强化，干燥，生,已自动校验,
2710839,"Sorghum bran, white, unenriched, dry, raw",高粱 麸皮，白色，未强化，干燥，生,已自动校验,
2710840,"Sorghum flour, white, pearled, unenriched, dry, raw",高粱 面粉，白色，去皮抛光，未强化，干燥，生,已自动校验,
2710841,"Sorghum grain, white, pearled, unenriched, dry, raw",高粱 谷粒，白色，去皮抛光，未强化，干燥，生,已自动校验,
2710842,"Sorghum, whole grain, white, dry, raw",高粱，全谷物，白色，干燥，生,已自动校验,
2710843,"Plantains, overripe, raw",大蕉，过熟，生,已自动校验,
2727566,"Chicken, drumstick, meat and skin, raw",鸡肉，鸡小腿，肉和皮，生,已自动校验,
2727567,"Chicken, thigh, meat and skin, raw",鸡肉，大腿肉，肉和皮，生,已自动校验,
2727568,"Chicken, wing, meat and skin, raw",鸡肉，鸡翅，肉和皮，生,已自动校验,
2727569,"Chicken, breast, meat and skin, raw",鸡肉，胸肉，肉和皮，生,已自动校验,
2727570,"Lamb, ground, raw",羊肉，绞碎，生,已自动校验,
2727571,"Bison, ground, raw",野牛肉，绞碎，生,已自动校验,
2727572,"Beef, short loin (NY strip steak), raw",牛肉，短腰脊（纽约客牛排），生,已自动校验,
2727573,"Beef, tenderloin steak, raw",牛肉，里脊牛排，生,已自动校验,
2727574,"Beef, top sirloin steak, raw",牛肉，上西冷牛排，生,已自动校验,
2727575,"Pork, chop, center cut, raw",猪肉，排，中段切块，生,已自动校验,
2727576,"Pork, belly, with skin, raw",猪肉，腹部，带皮，生,已自动校验,
2727577,"Pawpaw, peeled, seeded, raw",美洲番荔枝，去皮，去籽，生,已自动校验,
2727578,"Squash, pie pumpkin, peeled, seeded, raw",南瓜，馅饼南瓜，去皮，去籽，生,已自动校验,
2727579,"Squash, spaghetti, peeled, seeded, raw",意面南瓜，去皮，去籽，生,已自动校验,
2727580,"Rutabaga, peeled, raw",芜菁甘蓝，去皮，生,已自动校验,
2727581,"Blackberries, raw",黑莓，生,已自动校验,
2727582,"Tomatillos, dehusked, raw",酸浆番茄，去外壳，生,已自动校验,
2727583,"Cabbage, napa, leaf, destemmed, raw",大白菜，叶，去茎，生,已自动校验,
2727584,"Leeks, bulb and greens, root removed, raw",韭葱，鳞茎和绿色叶部，去根，生,已自动校验,
2727585,"Green onion, (scallion), bulb and greens, root removed, raw",青葱（香葱），鳞茎和绿色叶部，去根，生,已自动校验,
2727586,"Shallots, bulb, peeled, root removed, raw",红葱头，鳞茎，去皮，去根，生,已自动校验,
2727587,"Juice, prune, shelf-stable",西梅汁，常温保存,已自动校验,
2727588,"Juice, pomegranate, from concentrate, shelf-stable",石榴汁，浓缩还原，常温保存,已自动校验,
2727589,"Juice, tart cherry, from concentrate, shelf-stable",果汁，酸樱桃，浓缩还原，常温保存,已自动校验,
2747652,"Anchovies, canned in olive oil, with salt, drained",凤尾鱼，罐装 in 橄榄 油，含 盐，沥干,已自动校验,
2747653,"Beet greens, raw",甜菜叶，生,已自动校验,
2747654,"Cod, Pacific or Alaskan, frozen, wild caught",鳕鱼，太平洋或阿拉斯加，冷冻，野生捕捞,已自动校验,
2747655,"Fennel, bulb, raw",茴香鳞茎，生,已自动校验,
2747656,"Halibut, frozen, wild caught",大比目鱼，冷冻，野生捕捞,已自动校验,
2747657,"Lobster, tail only, frozen, wild caught",龙虾，仅尾部，冷冻，野生捕捞,已自动校验,
2747658,"Mahi mahi, frozen, wild caught",鲯鳅，冷冻，野生捕捞,已自动校验,
2747659,"Parsnips, raw",欧防风，生,已自动校验,
2747660,"Peppers, banana or Hungarian wax, seeded, raw",辣椒，香蕉椒或匈牙利蜡椒，去籽，生,已自动校验,
2747661,"Peppers, jalapeno, seeded, raw",辣椒，墨西哥青辣椒，去籽，生,已自动校验,
2747662,"Peppers, poblano, seeded, raw",辣椒，波布拉诺椒，去籽，生,已自动校验,
2747663,"Peppers, serrano, seeded, raw",辣椒，塞拉诺椒，去籽，生,已自动校验,
2747664,"Radicchio, raw",红菊苣，生,已自动校验,
2747665,"Radishes, red, raw",红萝卜，红色，生,已自动校验,
2747666,"Scallops, bay, Patagonian, frozen, wild caught",海湾扇贝，巴塔哥尼亚产，冷冻，野生捕捞,已自动校验,
2747667,"Scallops, sea, frozen, wild caught",海扇贝，冷冻，野生捕捞,已自动校验,
2747668,"Sea bass, Chilean, frozen, wild caught",智利海鲈，冷冻，野生捕捞,已自动校验,
2747669,"Snapper, frozen, wild caught",笛鲷，冷冻，野生捕捞,已自动校验,
2747670,"Snow crab, legs only, frozen  ",雪蟹，仅蟹腿，冷冻,已自动校验,
2747671,"Squid (calamari), frozen, tubes only",鱿鱼，冷冻，仅胴体,已自动校验,
2747672,"Swordfish, frozen, wild caught",剑鱼，冷冻，野生捕捞,已自动校验,
2747673,"Tuna, ahi or yellowfin, frozen, wild caught",金枪鱼，黄鳍金枪鱼，冷冻，野生捕捞,已自动校验,
2747674,"Turnips, raw",芜菁，生,已自动校验,
2747675,"Watermelon, seedless, flesh only, raw",西瓜，无籽，仅果肉，生,已自动校验,
2747676,"Watermelon, seedless, rind only, raw",西瓜，无籽，仅果皮，生,已自动校验,
