fdcId,食品英文名,食品中文名,份量值,计量单位英文,计量单位中文,克重,修饰说明英文,修饰说明中文
321358,"Hummus, commercial",鹰嘴豆泥，商业生产,2.0,tablespoon,汤匙,33.9,,
321358,"Hummus, commercial",鹰嘴豆泥，商业生产,1.0,RACC,参考食用量（RACC）,30.0,,
321360,"Tomatoes, grape, raw",番茄，葡萄型，生,5.0,tomatoes,个番茄,49.7,,
321360,"Tomatoes, grape, raw",番茄，葡萄型，生,1.0,cup,杯,152.0,,
321360,"Tomatoes, grape, raw",番茄，葡萄型，生,1.0,RACC,参考食用量（RACC）,85.0,,
321611,"Beans, snap, green, canned, regular pack, drained solids",豆类，嫩荚，绿色，罐装，普通装，沥干固形物,1.0,cup,杯,129.0,drained,沥干
321611,"Beans, snap, green, canned, regular pack, drained solids",豆类，嫩荚，绿色，罐装，普通装，沥干固形物,1.0,RACC,参考食用量（RACC）,130.0,,
323121,"Frankfurter, beef, unheated",法兰克福香肠，牛肉，未加热,1.0,piece,块,48.6,,
323121,"Frankfurter, beef, unheated",法兰克福香肠，牛肉，未加热,1.0,RACC,参考食用量（RACC）,85.0,,
323294,"Nuts, almonds, dry roasted, with salt added",坚果，杏仁，干烤，加盐,1.0,cup,杯,135.0,whole,整粒
323294,"Nuts, almonds, dry roasted, with salt added",坚果，杏仁，干烤，加盐,1.0,RACC,参考食用量（RACC）,30.0,,
323505,"Kale, raw",羽衣甘蓝，生,1.0,cup,杯,20.6,"pieces of ~1""",约1英寸块
323505,"Kale, raw",羽衣甘蓝，生,1.0,RACC,参考食用量（RACC）,85.0,,
323604,"Egg, whole, raw, frozen, pasteurized",鸡蛋，整蛋，生，冷冻，巴氏杀菌,1.0,oz,盎司,28.4,,
323604,"Egg, whole, raw, frozen, pasteurized",鸡蛋，整蛋，生，冷冻，巴氏杀菌,1.0,RACC,参考食用量（RACC）,50.0,,
323697,"Egg, white, raw, frozen, pasteurized",鸡蛋，蛋清，生，冷冻，巴氏杀菌,1.0,oz,盎司,28.4,,
323793,"Egg, white, dried",鸡蛋，蛋清，干制,1.0,tablespoon,汤匙,7.0,,
323793,"Egg, white, dried",鸡蛋，蛋清，干制,1.0,cup,杯,107.0,sifted,过筛
324317,"Onion rings, breaded, par fried, frozen, prepared, heated in oven",洋葱圈，裹面包屑，预炸，冷冻，制备后烤箱加热,1.0,piece,块,20.2,,
324317,"Onion rings, breaded, par fried, frozen, prepared, heated in oven",洋葱圈，裹面包屑，预炸，冷冻，制备后烤箱加热,1.0,RACC,参考食用量（RACC）,85.0,,
324653,"Pickles, cucumber, dill or kosher dill",腌黄瓜，黄瓜，莳萝或犹太式莳萝,1.0,spear,根,40.4,,
324653,"Pickles, cucumber, dill or kosher dill",腌黄瓜，黄瓜，莳萝或犹太式莳萝,1.0,RACC,参考食用量（RACC）,30.0,,
325036,"Cheese, parmesan, grated",奶酪，帕尔马干酪，磨碎,1.0,tablespoon,汤匙,7.6,,
325036,"Cheese, parmesan, grated",奶酪，帕尔马干酪，磨碎,1.0,RACC,参考食用量（RACC）,5.0,,
325287,"Grapefruit juice, white, canned or bottled, unsweetened",葡萄柚汁，白色，罐装 或 瓶装，无糖,1.0,cup,杯,257.0,,
325430,"Peaches, yellow, raw",桃，黄色，生,1.0,fruit,个果实,147.0,"small (2-1/2"" dia)","小号（2-1/2"" dia）"
325430,"Peaches, yellow, raw",桃，黄色，生,1.0,cup,杯,154.0,slices with skin,带皮切片
325430,"Peaches, yellow, raw",桃，黄色，生,1.0,fruit,个果实,173.0,"large (2-3/4"" dia)","大号（2-3/4"" dia）"
325430,"Peaches, yellow, raw",桃，黄色，生,1.0,fruit,个果实,225.0,"extra large (3"" dia)","特大号（3"" dia）"
325430,"Peaches, yellow, raw",桃，黄色，生,1.0,fruit,个果实,161.0,"medium (2-2/3"" dia)","中号（2-2/3"" dia）"
325430,"Peaches, yellow, raw",桃，黄色，生,1.0,serving,份,147.0,NLEA ,NLEA参考份量
325430,"Peaches, yellow, raw",桃，黄色，生,1.0,RACC,参考食用量（RACC）,140.0,,
325524,"Seeds, sunflower seed kernels, dry roasted, with salt added",种子，葵花籽仁，干烤，加盐,1.0,cup,杯,127.0,,
325524,"Seeds, sunflower seed kernels, dry roasted, with salt added",种子，葵花籽仁，干烤，加盐,1.0,RACC,参考食用量（RACC）,30.0,,
326196,"Kale, frozen, cooked, boiled, drained, without salt",羽衣甘蓝，冷冻，熟制，水煮，沥干，不加盐,1.0,cup,杯,118.0,cooked,熟制
326196,"Kale, frozen, cooked, boiled, drained, without salt",羽衣甘蓝，冷冻，熟制，水煮，沥干，不加盐,1.0,RACC,参考食用量（RACC）,85.0,,
326698,"Mustard, prepared, yellow",芥末酱，已制备，黄色,1.0,cup,杯,249.0,,
326698,"Mustard, prepared, yellow",芥末酱，已制备，黄色,1.0,teaspoon,茶匙,6.0,,
327046,"Kiwifruit, green, raw",猕猴桃，绿色，生,1.0,RACC,参考食用量（RACC）,140.0,,
327357,"Nectarines, raw",油桃，生,1.0,each,个,129.0,"2-1/3"" dia","2-1/3"" dia"
327357,"Nectarines, raw",油桃，生,1.0,each,个,156.0,"2-3/4"" dia","2-3/4"" dia"
327357,"Nectarines, raw",油桃，生,1.0,each,个,142.0," 2-1/2"" dia","2-1/2"" dia"
327357,"Nectarines, raw",油桃，生,1.0,serving,份,140.0,NLEA,NLEA参考份量
327357,"Nectarines, raw",油桃，生,1.0,cup,杯,143.0, slices,slices
327357,"Nectarines, raw",油桃，生,1.0,RACC,参考食用量（RACC）,140.0,,
328637,"Cheese, cheddar",奶酪，切达干酪,1.0,slice,片,17.0,,
328637,"Cheese, cheddar",奶酪，切达干酪,1.0,cup,杯,105.0,,
328637,"Cheese, cheddar",奶酪，切达干酪,1.0,RACC,参考食用量（RACC）,30.0,,
328841,"Cheese, cottage, lowfat, 2% milkfat",茅屋奶酪，低脂，2% 乳脂,1.0,cup,杯,220.0,,
328841,"Cheese, cottage, lowfat, 2% milkfat",茅屋奶酪，低脂，2% 乳脂,1.0,RACC,参考食用量（RACC）,55.0,,
329490,"Egg, whole, dried",鸡蛋，整蛋，干制,1.0,cup,杯,85.0,sifted,过筛
329490,"Egg, whole, dried",鸡蛋，整蛋，干制,1.0,tablespoon,汤匙,5.0,,
329490,"Egg, whole, dried",鸡蛋，整蛋，干制,1.0,oz,盎司,28.4,,
329596,"Egg, yolk, raw, frozen, pasteurized",鸡蛋，蛋黄，生，冷冻，巴氏杀菌,1.0,oz,盎司,28.4,,
329716,"Egg, yolk, dried",鸡蛋，蛋黄，干制,1.0,tablespoon,汤匙,4.0,,
329716,"Egg, yolk, dried",鸡蛋，蛋黄，干制,1.0,cup,杯,67.0,sifted,过筛
329716,"Egg, yolk, dried",鸡蛋，蛋黄，干制,1.0,oz,盎司,28.4,,
330137,"Yogurt, Greek, plain, nonfat",酸奶，希腊式，原味，脱脂,1.0,container,容器,156.0,,
330137,"Yogurt, Greek, plain, nonfat",酸奶，希腊式，原味，脱脂,1.0,RACC,参考食用量（RACC）,170.0,,
330415,"Yogurt, Greek, strawberry, nonfat",酸奶，希腊式，草莓，脱脂,1.0,container,容器,150.0,5.3 oz,5.3盎司
330415,"Yogurt, Greek, strawberry, nonfat",酸奶，希腊式，草莓，脱脂,1.0,RACC,参考食用量（RACC）,170.0,,
330458,"Oil, coconut",油，椰子,1.0,tablespoon,汤匙,11.6,liquid oil,液态油
331897,"Chicken, broilers or fryers, drumstick, meat only, cooked, braised",鸡肉，肉用仔鸡，鸡小腿，仅肉，熟制，炖煮,1.0,drumstick,只鸡腿棒,104.0,with skin,带皮
331897,"Chicken, broilers or fryers, drumstick, meat only, cooked, braised",鸡肉，肉用仔鸡，鸡小腿，仅肉，熟制，炖煮,1.0,drumstick,只鸡腿棒,94.7,without skin,去皮
331897,"Chicken, broilers or fryers, drumstick, meat only, cooked, braised",鸡肉，肉用仔鸡，鸡小腿，仅肉，熟制，炖煮,1.0,RACC,参考食用量（RACC）,114.0,,
331960,"Chicken, broiler or fryers, breast, skinless, boneless, meat only, cooked, braised",鸡肉，肉用仔鸡，胸肉，去皮去骨，仅肉，熟制，炖煮,1.0,piece,块,174.0,,
331960,"Chicken, broiler or fryers, breast, skinless, boneless, meat only, cooked, braised",鸡肉，肉用仔鸡，胸肉，去皮去骨，仅肉，熟制，炖煮,1.0,RACC,参考食用量（RACC）,114.0,,
332397,"Ham, sliced, pre-packaged, deli meat (96%fat free, water added)",火腿，切片，预包装，熟食肉片（96%脂肪 无，加水）,1.0,slice,片,13.5,,
332397,"Ham, sliced, pre-packaged, deli meat (96%fat free, water added)",火腿，切片，预包装，熟食肉片（96%脂肪 无，加水）,1.0,RACC,参考食用量（RACC）,85.0,,
332791,"Olives, green, Manzanilla, stuffed with pimiento",橄榄，绿色，曼萨尼亚品种，填充甜椒,1.0,olive,颗橄榄,3.2,,
332791,"Olives, green, Manzanilla, stuffed with pimiento",橄榄，绿色，曼萨尼亚品种，填充甜椒,1.0,RACC,参考食用量（RACC）,40.0,,
333008,"Cookies, oatmeal, soft, with raisins",曲奇，燕麦，软质，含葡萄干,1.0,cookie,块曲奇,27.0,,
333008,"Cookies, oatmeal, soft, with raisins",曲奇，燕麦，软质，含葡萄干,1.0,RACC,参考食用量（RACC）,30.0,,
333281,"Tomatoes, canned, red, ripe, diced",番茄，罐装，红色，成熟，切丁,1.0,cup,杯,245.0,,
333281,"Tomatoes, canned, red, ripe, diced",番茄，罐装，红色，成熟，切丁,1.0,RACC,参考食用量（RACC）,130.0,,
333374,"Fish, haddock, raw",鱼，黑线鳕，生,1.0,fillet,片鱼柳,176.0,,
333374,"Fish, haddock, raw",鱼，黑线鳕，生,1.0,RACC,参考食用量（RACC）,115.0,,
333476,"Fish, pollock, raw",鱼，狭鳕，生,1.0,fillet,片鱼柳,177.0,,
333476,"Fish, pollock, raw",鱼，狭鳕，生,1.0,RACC,参考食用量（RACC）,115.0,,
334194,"Fish, tuna, light, canned in water, drained solids",鱼，金枪鱼，浅色，水浸罐装，沥干固形物,1.0,can,罐,142.0,total can contents,整罐内容物
334194,"Fish, tuna, light, canned in water, drained solids",鱼，金枪鱼，浅色，水浸罐装，沥干固形物,1.0,can,罐,107.0,drained solids,沥干固形物
334194,"Fish, tuna, light, canned in water, drained solids",鱼，金枪鱼，浅色，水浸罐装，沥干固形物,1.0,RACC,参考食用量（RACC）,85.0,,
334536,"Restaurant, Chinese, fried rice, without meat",餐厅食品，中式，炒饭，不含 肉,1.0,cup,杯,133.0,,
334536,"Restaurant, Chinese, fried rice, without meat",餐厅食品，中式，炒饭，不含 肉,1.0,RACC,参考食用量（RACC）,85.0,,
334628,"Restaurant, Latino, tamale, pork",餐厅食品，拉丁美洲风味，玉米粽，猪肉,1.0,piece,块,142.0,,
334628,"Restaurant, Latino, tamale, pork",餐厅食品，拉丁美洲风味，玉米粽，猪肉,1.0,RACC,参考食用量（RACC）,140.0,,
334720,"Restaurant, Latino, pupusas con frijoles (pupusas, bean)",餐厅食品，拉丁美洲风味，豆馅普普萨饼（普普萨饼，豆）,1.0,piece,块,126.0,,
334720,"Restaurant, Latino, pupusas con frijoles (pupusas, bean)",餐厅食品，拉丁美洲风味，豆馅普普萨饼（普普萨饼，豆）,1.0,RACC,参考食用量（RACC）,140.0,,
746758,"Beef, loin, tenderloin roast, separable lean only, boneless, trimmed to 0"" fat, select, cooked, roasted",牛肉，腰脊，里脊烤肉，可分离瘦肉，去骨，脂肪修整至0英寸，选择级（Select），熟制，烘烤,1.0,roast,块烤肉,462.0,cooked,熟制
746758,"Beef, loin, tenderloin roast, separable lean only, boneless, trimmed to 0"" fat, select, cooked, roasted",牛肉，腰脊，里脊烤肉，可分离瘦肉，去骨，脂肪修整至0英寸，选择级（Select），熟制，烘烤,1.0,RACC,参考食用量（RACC）,114.0,,
746760,"Beef, round, eye of round roast, boneless, separable lean only, trimmed to 0"" fat, select, raw",牛肉，后腿，后腿眼肉烤肉，去骨，可分离瘦肉，脂肪修整至0英寸，选择级（Select），生,1.0,roast,块烤肉,690.0,raw,生
746760,"Beef, round, eye of round roast, boneless, separable lean only, trimmed to 0"" fat, select, raw",牛肉，后腿，后腿眼肉烤肉，去骨，可分离瘦肉，脂肪修整至0英寸，选择级（Select），生,1.0,RACC,参考食用量（RACC）,114.0,,
746761,"Beef, round, top round roast, boneless, separable lean only, trimmed to 0"" fat, select, raw",牛肉，后腿，上后腿烤肉，去骨，可分离瘦肉，脂肪修整至0英寸，选择级（Select），生,1.0,roast,块烤肉,788.0,raw,生
746761,"Beef, round, top round roast, boneless, separable lean only, trimmed to 0"" fat, select, raw",牛肉，后腿，上后腿烤肉，去骨，可分离瘦肉，脂肪修整至0英寸，选择级（Select），生,1.0,RACC,参考食用量（RACC）,114.0,,
746762,"Beef, short loin, porterhouse steak, separable lean only, trimmed to 1/8"" fat, select, raw",牛肉，短腰脊，波特豪斯牛排，可分离瘦肉，脂肪修整至1/8英寸，选择级（Select），生,1.0,steak,块牛排,525.0,raw,生
746762,"Beef, short loin, porterhouse steak, separable lean only, trimmed to 1/8"" fat, select, raw",牛肉，短腰脊，波特豪斯牛排，可分离瘦肉，脂肪修整至1/8英寸，选择级（Select），生,1.0,RACC,参考食用量（RACC）,114.0,,
746763,"Beef, short loin, t-bone steak, bone-in, separable lean only, trimmed to 1/8"" fat, choice, cooked, grilled",牛肉，短腰脊，T骨牛排，带骨，可分离瘦肉，脂肪修整至1/8英寸，精选级（Choice），熟制，烧烤,1.0,steak,块牛排,360.0,cooked,熟制
746763,"Beef, short loin, t-bone steak, bone-in, separable lean only, trimmed to 1/8"" fat, choice, cooked, grilled",牛肉，短腰脊，T骨牛排，带骨，可分离瘦肉，脂肪修整至1/8英寸，精选级（Choice），熟制，烧烤,1.0,RACC,参考食用量（RACC）,114.0,,
746764,"Carrots, frozen, unprepared",胡萝卜，冷冻，未制备,1.0,RACC,参考食用量（RACC）,85.0,,
746765,"Cheese, dry white, queso seco",奶酪，干燥 白色，墨西哥干奶酪,1.0,cup,杯,97.3,grated,磨碎
746765,"Cheese, dry white, queso seco",奶酪，干燥 白色，墨西哥干奶酪,1.0,RACC,参考食用量（RACC）,30.0,,
746766,"Cheese, ricotta, whole milk",奶酪，里科塔奶酪，全脂牛奶,0.2,cup,杯,64.6,,
746766,"Cheese, ricotta, whole milk",奶酪，里科塔奶酪，全脂牛奶,1.0,cup,杯,258.0,,
746766,"Cheese, ricotta, whole milk",奶酪，里科塔奶酪，全脂牛奶,0.5,cup,杯,129.0,,
746766,"Cheese, ricotta, whole milk",奶酪，里科塔奶酪，全脂牛奶,1.0,RACC,参考食用量（RACC）,55.0,,
746767,"Cheese, swiss",奶酪，瑞士奶酪,1.0,slice,片,21.9,regular,普通
746767,"Cheese, swiss",奶酪，瑞士奶酪,1.0,slice,片,10.9,thin,薄片
746767,"Cheese, swiss",奶酪，瑞士奶酪,1.0,RACC,参考食用量（RACC）,30.0,,
746768,"Figs, dried, uncooked",无花果，干制，未烹调,1.0,each,个,8.4,,
746768,"Figs, dried, uncooked",无花果，干制，未烹调,1.0,cup,杯,149.0,,
746768,"Figs, dried, uncooked",无花果，干制，未烹调,1.0,RACC,参考食用量（RACC）,140.0,,
746769,"Lettuce, cos or romaine, raw",生菜，长叶或罗马生菜，生,1.0,bunch,把,581.0,,
746769,"Lettuce, cos or romaine, raw",生菜，长叶或罗马生菜，生,1.0,RACC,参考食用量（RACC）,85.0,,
746770,"Melons, cantaloupe, raw",瓜类，哈密瓜，生,1.0,wedge,瓣,69.0,medium (1/8 of medium melon),中号（1/8 的 中号 melon）
746770,"Melons, cantaloupe, raw",瓜类，哈密瓜，生,1.0,wedge,瓣,102.0,large (1/8 of large melon),大号（1/8 的 大号 melon）
746770,"Melons, cantaloupe, raw",瓜类，哈密瓜，生,1.0,each,个,441.0,"small (about 4-1/4"" dia)","小号（about 4-1/4"" dia）"
746770,"Melons, cantaloupe, raw",瓜类，哈密瓜，生,1.0,each,个,814.0,"large (about 6-1/2"" dia)","大号（about 6-1/2"" dia）"
746770,"Melons, cantaloupe, raw",瓜类，哈密瓜，生,1.0,cup,杯,160.0,cubes,切块
746770,"Melons, cantaloupe, raw",瓜类，哈密瓜，生,10.0,pieces,块,138.0,balls,球状
746770,"Melons, cantaloupe, raw",瓜类，哈密瓜，生,1.0,cup,杯,156.0,diced,切丁
746770,"Melons, cantaloupe, raw",瓜类，哈密瓜，生,1.0,each,个,552.0,"medium (about 5"" dia)","中号（about 5"" dia）"
746770,"Melons, cantaloupe, raw",瓜类，哈密瓜，生,1.0,wedge,瓣,55.0,small (1/8 of small melon),小号（1/8 的 小号 melon）
746770,"Melons, cantaloupe, raw",瓜类，哈密瓜，生,1.0,RACC,参考食用量（RACC）,140.0,,
746771,"Oranges, raw, navels",橙子，生，脐橙,1.0,cup,杯,165.0,sections no membranes,去膜分瓣
746771,"Oranges, raw, navels",橙子，生，脐橙,1.0,each,个,140.0," 2-7/8"" dia","2-7/8"" dia"
746771,"Oranges, raw, navels",橙子，生，脐橙,1.0,RACC,参考食用量（RACC）,140.0,,
746772,"Milk, lowfat, fluid, 1% milkfat, with added vitamin A and vitamin D",牛奶，低脂，液态，1% 乳脂，添加维生素A和维生素D,1.0,cup,杯,246.0,,
746773,"Pears, raw, bartlett",梨，生，巴特利特,1.0,cup,杯,140.0,slices,切片
746773,"Pears, raw, bartlett",梨，生，巴特利特,1.0,each,个,178.0,medium,中号
746773,"Pears, raw, bartlett",梨，生，巴特利特,1.0,each,个,230.0,large,大号
746773,"Pears, raw, bartlett",梨，生，巴特利特,1.0,each,个,148.0,small,小号
746773,"Pears, raw, bartlett",梨，生，巴特利特,1.0,RACC,参考食用量（RACC）,140.0,,
746774,"Restaurant, Chinese, sweet and sour pork",餐厅食品，中式，咕咾肉,1.0,order,份,611.0,,
746774,"Restaurant, Chinese, sweet and sour pork",餐厅食品，中式，咕咾肉,3.0,pieces,块,41.8,,
746774,"Restaurant, Chinese, sweet and sour pork",餐厅食品，中式，咕咾肉,1.0,RACC,参考食用量（RACC）,195.0,,
746775,"Salt, table, iodized",食盐，加碘,1.0,teaspoon,茶匙,6.1,,
746776,"Milk, nonfat, fluid, with added vitamin A and vitamin D (fat free or skim)",牛奶，脱脂，液态，添加维生素A和维生素D（无脂或脱脂）,1.0,cup,杯,246.0,,
746777,"Sauce, salsa, ready-to-serve",酱汁，莎莎酱，即食,2.0,tablespoon,汤匙,35.7,,
746778,"Milk, reduced fat, fluid, 2% milkfat, with added vitamin A and vitamin D",牛奶，减脂，液态，2% 乳脂，添加维生素A和维生素D,1.0,cup,杯,245.0,,
746779,"Sausage, breakfast sausage, beef, pre-cooked, unprepared",香肠，早餐香肠，牛肉，预熟，未制备,1.0,link,根香肠,18.6,,
746779,"Sausage, breakfast sausage, beef, pre-cooked, unprepared",香肠，早餐香肠，牛肉，预熟，未制备,1.0,RACC,参考食用量（RACC）,110.0,,
746780,"Sausage, Italian, pork, mild, cooked, pan-fried",香肠，意大利式，猪肉，温和风味，熟制，平底锅煎制,1.0,link,根香肠,86.6,medium,中号
746780,"Sausage, Italian, pork, mild, cooked, pan-fried",香肠，意大利式，猪肉，温和风味，熟制，平底锅煎制,1.0,RACC,参考食用量（RACC）,85.0,,
746781,"Sausage, pork, chorizo, link or ground, cooked, pan-fried",香肠，猪肉，西班牙辣香肠，肠衣香肠 或 绞碎，熟制，平底锅煎制,1.0,link,根香肠,186.0,long,长形
746781,"Sausage, pork, chorizo, link or ground, cooked, pan-fried",香肠，猪肉，西班牙辣香肠，肠衣香肠 或 绞碎，熟制，平底锅煎制,1.0,cup,杯,185.0,ground,磨碎/绞碎
746781,"Sausage, pork, chorizo, link or ground, cooked, pan-fried",香肠，猪肉，西班牙辣香肠，肠衣香肠 或 绞碎，熟制，平底锅煎制,1.0,link,根香肠,80.4,medium,中号
746781,"Sausage, pork, chorizo, link or ground, cooked, pan-fried",香肠，猪肉，西班牙辣香肠，肠衣香肠 或 绞碎，熟制，平底锅煎制,1.0,RACC,参考食用量（RACC）,85.0,,
746782,"Milk, whole, 3.25% milkfat, with added vitamin D",牛奶，完整，3.25% 乳脂，添加维生素D,1.0,cup,杯,249.0,,
746783,"Sausage, turkey, breakfast links, mild, raw",香肠，火鸡肉，早餐 小香肠，温和风味，生,1.0,package,包,450.0,,
746783,"Sausage, turkey, breakfast links, mild, raw",香肠，火鸡肉，早餐 小香肠，温和风味，生,1.0,link,根香肠,27.9,,
746783,"Sausage, turkey, breakfast links, mild, raw",香肠，火鸡肉，早餐 小香肠，温和风味，生,1.0,RACC,参考食用量（RACC）,110.0,,
746784,"Sugars, granulated",白砂糖,1.0,teaspoon,茶匙,4.0,,
746784,"Sugars, granulated",白砂糖,1.0,cup,杯,188.0,,
746784,"Sugars, granulated",白砂糖,1.0,RACC,参考食用量（RACC）,8.0,,
746785,"Turkey, ground, 93% lean, 7% fat, pan-broiled crumbles",火鸡肉，绞碎，93% 瘦肉，7% 脂肪，平底锅烤制碎肉,1.0,paired cooked w,配对熟制重量,155.0,crumbles,碎粒
746785,"Turkey, ground, 93% lean, 7% fat, pan-broiled crumbles",火鸡肉，绞碎，93% 瘦肉，7% 脂肪，平底锅烤制碎肉,1.0,RACC,参考食用量（RACC）,114.0,,
746952,"Ham, sliced, restaurant",火腿，切片，餐厅食品,1.0,slice,片,16.2,,
746952,"Ham, sliced, restaurant",火腿，切片，餐厅食品,1.0,RACC,参考食用量（RACC）,85.0,,
747447,"Broccoli, raw",西兰花，生,1.0,cup,杯,76.0,chopped,切碎
747447,"Broccoli, raw",西兰花，生,1.0,RACC,参考食用量（RACC）,85.0,,
747997,"Eggs, Grade A, Large, egg white",A级大号鸡蛋，蛋清,1.0,egg,个鸡蛋,34.0,white,白色
747997,"Eggs, Grade A, Large, egg white",A级大号鸡蛋，蛋清,1.0,RACC,参考食用量（RACC）,50.0,,
748236,"Eggs, Grade A, Large, egg yolk",A级大号鸡蛋，蛋黄,1.0,egg,个鸡蛋,17.0,yolk,蛋黄
748278,"Oil, canola",油，菜籽,100.0,milliliter,毫升,90.9,,
748323,"Oil, corn",油，玉米,100.0,milliliter,毫升,91.3,,
748366,"Oil, soybean",油，大豆,100.0,milliliter,毫升,91.3,,
748608,"Oil, olive, extra virgin",特级初榨橄榄油,100.0,milliliter,毫升,90.7,,
748967,"Eggs, Grade A, Large, egg whole",A级大号鸡蛋，整蛋,1.0,egg,个鸡蛋,50.3,whole without shell,去壳整粒
748967,"Eggs, Grade A, Large, egg whole",A级大号鸡蛋，整蛋,1.0,RACC,参考食用量（RACC）,50.0,,
789890,"Flour, wheat, all-purpose, enriched, bleached",面粉，小麦，通用，强化，漂白,1.0,RACC,参考食用量（RACC）,30.0,,
789951,"Flour, wheat, all-purpose, enriched, unbleached",面粉，小麦，通用，强化，未漂白,1.0,RACC,参考食用量（RACC）,30.0,,
790018,"Flour, wheat, all-purpose, unenriched, unbleached",面粉，小麦，通用，未强化，未漂白,1.0,RACC,参考食用量（RACC）,30.0,,
790085,"Flour, whole wheat, unenriched",面粉，全麦，未强化,1.0,RACC,参考食用量（RACC）,30.0,,
790146,"Flour, bread, white, enriched, unbleached",面粉，面包，白色，强化，未漂白,1.0,RACC,参考食用量（RACC）,30.0,,
790214,"Flour, rice, white, unenriched",面粉，白米，未强化,1.0,RACC,参考食用量（RACC）,30.0,,
790276,"Flour, corn, yellow, fine meal, enriched",面粉，玉米，黄色，细粉，强化,1.0,RACC,参考食用量（RACC）,30.0,,
790577,"Onions, red, raw",洋葱，红色，生,1.0,Onion,个洋葱,197.0,Edible,可食部分
790577,"Onions, red, raw",洋葱，红色，生,1.0,RACC,参考食用量（RACC）,85.0,,
790646,"Onions, yellow, raw",洋葱，黄色，生,1.0,Onion,个洋葱,143.0,Edible,可食部分
790646,"Onions, yellow, raw",洋葱，黄色，生,1.0,RACC,参考食用量（RACC）,85.0,,
1104647,"Garlic, raw",大蒜，生,1.0,RACC,参考食用量（RACC）,85.0,,
1104705,"Flour, soy, defatted",脱脂大豆粉,1.0,RACC,参考食用量（RACC）,30.0,,
1104766,"Flour, soy, full-fat",全脂大豆粉,1.0,RACC,参考食用量（RACC）,30.0,,
1104812,"Flour, rice, brown",面粉，糙米,1.0,RACC,参考食用量（RACC）,30.0,,
1104867,"Flour, rice, glutinous",糯米粉,1.0,RACC,参考食用量（RACC）,30.0,,
1104913,"Flour, pastry, unenriched, unbleached",面粉，糕点，未强化，未漂白,1.0,RACC,参考食用量（RACC）,30.0,,
1104962,"Onions, white, raw",洋葱，白色，生,1.0,RACC,参考食用量（RACC）,85.0,,
1105073,"Bananas, overripe, raw",香蕉，过熟，生,1.0,Banana,根香蕉,110.0,Peeled,去皮
1105073,"Bananas, overripe, raw",香蕉，过熟，生,1.0,RACC,参考食用量（RACC）,140.0,,
1105314,"Bananas, ripe and slightly ripe, raw",香蕉，成熟 和 稍熟，生,1.0,Banana,根香蕉,115.0,Peeled,去皮
1105314,"Bananas, ripe and slightly ripe, raw",香蕉，成熟 和 稍熟，生,1.0,RACC,参考食用量（RACC）,140.0,,
1750339,"Apples, red delicious, with skin, raw",苹果，红蛇果，带皮，生,1.0,RACC,参考食用量（RACC）,140.0,,
1750340,"Apples, fuji, with skin, raw",苹果，富士，带皮，生,1.0,RACC,参考食用量（RACC）,140.0,,
1750341,"Apples, gala, with skin, raw",苹果，嘎啦，带皮，生,1.0,RACC,参考食用量（RACC）,140.0,,
1750342,"Apples, granny smith, with skin, raw",苹果，青苹果（Granny Smith），带皮，生,1.0,RACC,参考食用量（RACC）,140.0,,
1750343,"Apples, honeycrisp, with skin, raw",苹果，蜜脆苹果，带皮，生,1.0,RACC,参考食用量（RACC）,140.0,,
1999626,"Mushroom, lion's mane",蘑菇，猴头菇,1.0,RACC,参考食用量（RACC）,85.0,,
1999627,"Mushroom, oyster",平菇,1.0,RACC,参考食用量（RACC）,85.0,,
1999628,"Mushrooms, shiitake",蘑菇，香菇,1.0,RACC,参考食用量（RACC）,85.0,,
1999629,"Mushrooms, white button",蘑菇，白蘑菇,1.0,RACC,参考食用量（RACC）,85.0,,
1999632,"Spinach, baby",嫩菠菜,1.0,RACC,参考食用量（RACC）,85.0,,
1999633,"Spinach, mature",成熟菠菜,1.0,RACC,参考食用量（RACC）,85.0,,
1999634,"Tomato, roma",罗马番茄,1.0,RACC,参考食用量（RACC）,85.0,,
2003586,"Flour, 00",面粉，00,1.0,RACC,参考食用量（RACC）,30.0,,
2003587,"Flour, spelt, whole grain",面粉，斯佩耳特小麦，全谷物,1.0,RACC,参考食用量（RACC）,30.0,,
2003588,"Flour, semolina, coarse and semi-coarse",面粉，粗粒小麦粉，粗粒和中粗粒,1.0,RACC,参考食用量（RACC）,30.0,,
2003589,"Flour, semolina, fine",面粉，细粒粗粒小麦粉,1.0,RACC,参考食用量（RACC）,30.0,,
2003598,"Mushroom, portabella",蘑菇，大褐菇,1.0,RACC,参考食用量（RACC）,85.0,,
2003599,"Mushroom, king oyster",蘑菇，杏鲍菇,1.0,RACC,参考食用量（RACC）,85.0,,
2003600,"Mushroom, enoki",蘑菇，金针菇,1.0,RACC,参考食用量（RACC）,85.0,,
2003601,"Mushroom, crimini",蘑菇，褐蘑菇,1.0,RACC,参考食用量（RACC）,85.0,,
2003602,"Mushroom, maitake",蘑菇，舞茸,1.0,RACC,参考食用量（RACC）,85.0,,
2003603,"Mushroom, beech",真姬菇,1.0,RACC,参考食用量（RACC）,85.0,,
2003604,"Mushroom, pioppini",蘑菇，茶树菇,1.0,RACC,参考食用量（RACC）,85.0,,
2258586,"Carrots, mature, raw",胡萝卜，成熟，生,1.0,RACC,参考食用量（RACC）,85.0,,
2258587,"Carrots, baby, raw",胡萝卜，嫩/幼小，生,1.0,RACC,参考食用量（RACC）,85.0,,
2258588,"Peppers, bell, green, raw",甜椒，绿色，生,1.0,RACC,参考食用量（RACC）,85.0,,
2258589,"Peppers, bell, yellow, raw",甜椒，黄色，生,1.0,RACC,参考食用量（RACC）,85.0,,
2258590,"Peppers, bell, red, raw",甜椒，红色，生,1.0,RACC,参考食用量（RACC）,85.0,,
2258591,"Peppers, bell, orange, raw",甜椒，橙色，生,1.0,RACC,参考食用量（RACC）,85.0,,
2259793,"Yogurt, plain, whole milk",酸奶，原味，全脂牛奶,1.0,RACC,参考食用量（RACC）,170.0,,
2259794,"Yogurt, Greek, plain, whole milk",酸奶，希腊式，原味，全脂牛奶,1.0,RACC,参考食用量（RACC）,170.0,,
2259795,"Cheese, parmesan, grated, refrigerated",奶酪，帕尔马干酪，磨碎，冷藏,1.0,RACC,参考食用量（RACC）,5.0,,
2259796,"Cheese, feta, whole milk, crumbled",奶酪，菲达奶酪，全脂牛奶，碎粒状,1.0,RACC,参考食用量（RACC）,30.0,,
2261420,"Flour, almond",面粉，杏仁,1.0,RACC,参考食用量（RACC）,15.0,,
2261421,"Flour, oat, whole grain",面粉，燕麦，全谷物,1.0,RACC,参考食用量（RACC）,30.0,,
2261422,"Flour, potato",面粉，马铃薯,1.0,RACC,参考食用量（RACC）,85.0,,
2262075,"Flaxseed, ground",亚麻籽，绞碎,1.0,RACC,参考食用量（RACC）,15.0,,
2346384,"Cottage cheese, full fat, large or small curd",茅屋奶酪，全脂，大凝乳或小凝乳,1.0,RACC,参考食用量（RACC）,110.0,,
2346385,"Cream cheese, full fat, block",奶油奶酪，全脂，块状,1.0,RACC,参考食用量（RACC）,30.0,,
2346386,"Cream, heavy",淡奶油,1.0,RACC,参考食用量（RACC）,15.0,,
2346387,"Cream, sour, full fat",酸奶油，全脂,1.0,RACC,参考食用量（RACC）,30.0,,
2346388,"Lettuce, iceberg, raw",冰山生菜，生,1.0,RACC,参考食用量（RACC）,85.0,,
2346389,"Lettuce, romaine, green, raw",罗马生菜，绿色，生,1.0,RACC,参考食用量（RACC）,85.0,,
2346390,"Lettuce, leaf, red, raw",叶生菜，红色，生,1.0,RACC,参考食用量（RACC）,85.0,,
2346391,"Lettuce, leaf, green, raw",叶生菜，绿色，生,1.0,RACC,参考食用量（RACC）,85.0,,
2346392,"Nuts, pine nuts, raw",坚果，松子，生,1.0,RACC,参考食用量（RACC）,30.0,,
2346393,"Nuts, almonds, whole, raw",坚果，杏仁，完整，生,1.0,RACC,参考食用量（RACC）,30.0,,
2346394,"Nuts, walnuts, English, halves, raw",坚果，英国核桃，半粒，生,1.0,RACC,参考食用量（RACC）,30.0,,
2346395,"Nuts, pecans, halves, raw",坚果，碧根果，半粒，生,1.0,RACC,参考食用量（RACC）,30.0,,
2346396,"Oats, whole grain, rolled, old fashioned",燕麦，全谷物，压片，传统压片,1.0,RACC,参考食用量（RACC）,40.0,,
2346397,"Oats, whole grain, steel cut",燕麦，全谷物，钢切,1.0,RACC,参考食用量（RACC）,40.0,,
2346398,"Pineapple, raw",菠萝，生,1.0,RACC,参考食用量（RACC）,140.0,,
2346399,"Cherries, sweet, dark red, raw",樱桃，甜味，深红色，生,1.0,RACC,参考食用量（RACC）,140.0,,
2346400,"Beans, snap, green, raw",豆类，嫩荚，绿色，生,1.0,RACC,参考食用量（RACC）,85.0,,
2346401,"Potatoes, russet, without skin, raw",马铃薯，褐皮马铃薯，去皮，生,1.0,RACC,参考食用量（RACC）,110.0,,
2346402,"Potatoes, red, without skin, raw",马铃薯，红色，去皮，生,1.0,RACC,参考食用量（RACC）,110.0,,
2346403,"Potatoes, gold, without skin, raw",马铃薯，黄皮马铃薯，去皮，生,1.0,RACC,参考食用量（RACC）,110.0,,
2346404,"Sweet potatoes, orange flesh, without skin, raw",甘薯，橙色果肉，去皮，生,1.0,RACC,参考食用量（RACC）,110.0,,
2346405,"Celery, raw",芹菜，生,1.0,RACC,参考食用量（RACC）,85.0,,
2346406,"Cucumber, with peel, raw",黄瓜，带皮，生,1.0,RACC,参考食用量（RACC）,85.0,,
2346407,"Cabbage, green, raw",甘蓝，绿色，生,1.0,RACC,参考食用量（RACC）,85.0,,
2346408,"Cabbage, red, raw",甘蓝，红色，生,1.0,RACC,参考食用量（RACC）,85.0,,
2346409,"Strawberries, raw",草莓，生,1.0,RACC,参考食用量（RACC）,140.0,,
2346410,"Raspberries, raw",覆盆子，生,1.0,RACC,参考食用量（RACC）,140.0,,
2346411,"Blueberries, raw",蓝莓，生,1.0,RACC,参考食用量（RACC）,140.0,,
2346412,"Grapes, red, seedless, raw",葡萄，红色，无籽，生,1.0,RACC,参考食用量（RACC）,140.0,,
2346413,"Grapes, green, seedless, raw",葡萄，绿色，无籽，生,1.0,RACC,参考食用量（RACC）,140.0,,
2346414,"Applesauce, unsweetened, with added vitamin C",苹果酱，无糖，添加维生素C,1.0,RACC,参考食用量（RACC）,140.0,,
2512371,"Flour, amaranth",面粉，苋米,1.0,RACC,参考食用量（RACC）,30.0,,
2512372,"Flour, quinoa",面粉，藜麦,1.0,RACC,参考食用量（RACC）,30.0,,
2512373,"Flour, sorghum",面粉，高粱,1.0,RACC,参考食用量（RACC）,45.0,,
2512374,"Flour, buckwheat",面粉，荞麦,1.0,RACC,参考食用量（RACC）,30.0,,
2512375,"Flour, rye",面粉，黑麦,1.0,RACC,参考食用量（RACC）,30.0,,
2512376,"Flour, barley",面粉，大麦,1.0,RACC,参考食用量（RACC）,30.0,,
2512377,"Flour, cassava",面粉，木薯,1.0,RACC,参考食用量（RACC）,30.0,,
2512380,"Rice, brown, long grain, unenriched, raw",糙米，长粒，未强化，生,1.0,RACC,参考食用量（RACC）,45.0,,
2512381,"Rice, white, long grain, unenriched, raw",白米，长粒，未强化，生,1.0,RACC,参考食用量（RACC）,45.0,,
2514743,"Beef, ground, 90% lean meat / 10% fat, raw",牛肉，绞碎，90% 瘦肉/10% 脂肪，生,1.0,RACC,参考食用量（RACC）,114.0,,
2514744,"Beef, ground, 80% lean meat / 20% fat, raw",牛肉，绞碎，80% 瘦肉/20% 脂肪，生,1.0,RACC,参考食用量（RACC）,114.0,,
2514745,"Pork, ground, raw",猪肉，绞碎，生,1.0,RACC,参考食用量（RACC）,110.0,,
2514746,"Chicken, ground, with additives, raw",鸡肉，绞碎，含添加剂，生,1.0,RACC,参考食用量（RACC）,114.0,,
2514747,"Turkey, ground, 93% lean/ 7% fat, raw",火鸡肉，绞碎，93% 瘦肉/7% 脂肪，生,1.0,RACC,参考食用量（RACC）,114.0,,
2515373,"Nuts, brazilnuts, raw",坚果，巴西坚果，生,1.0,RACC,参考食用量（RACC）,30.0,,
2515374,"Nuts, cashew nuts, raw",坚果，腰果，生,1.0,RACC,参考食用量（RACC）,30.0,,
2515375,"Nuts, hazelnuts or filberts, raw",坚果，榛子，生,1.0,RACC,参考食用量（RACC）,30.0,,
2515376,"Peanuts, raw",花生，生,1.0,RACC,参考食用量（RACC）,30.0,,
2515377,"Flour, chestnut",面粉，栗子,1.0,RACC,参考食用量（RACC）,30.0,,
2515378,"Nuts, macadamia nuts, raw",坚果，夏威夷果，生,1.0,RACC,参考食用量（RACC）,30.0,,
2515379,"Nuts, pistachio nuts, raw",坚果，开心果，生,1.0,RACC,参考食用量（RACC）,30.0,,
2515380,"Seeds, pumpkin seeds (pepitas), raw",种子，南瓜籽（南瓜籽仁），生,1.0,RACC,参考食用量（RACC）,30.0,,
2515381,"Seeds, sunflower seed, kernel, raw",种子，葵花籽，籽仁，生,1.0,RACC,参考食用量（RACC）,30.0,,
2515382,"Flour, coconut",面粉，椰子,1.0,RACC,参考食用量（RACC）,15.0,,
2644281,"Beans, cannellini, dry",豆类，白芸豆（Cannellini），干燥,1.0,RACC,参考食用量（RACC）,35.0,,
2644282,"Chickpeas, (garbanzo beans, bengal gram), dry",鹰嘴豆，(鹰嘴豆，孟加拉豆），干燥,1.0,RACC,参考食用量（RACC）,35.0,,
2644283,"Lentils, dry",小扁豆，干燥,1.0,RACC,参考食用量（RACC）,35.0,,
2644284,"Blackeye pea, dry",黑眼豆，干燥,1.0,RACC,参考食用量（RACC）,35.0,,
2644285,"Beans, black, canned, sodium added, drained and rinsed",豆类，黑色，罐装，添加钠，沥干并冲洗,1.0,RACC,参考食用量（RACC）,130.0,,
2644286,"Beans, navy, canned, sodium added, drained and rinsed",豆类，海军豆，罐装，添加钠，沥干并冲洗,1.0,RACC,参考食用量（RACC）,130.0,,
2644287,"Beans, cannellini, canned, sodium added, drained and rinsed",豆类，白芸豆（Cannellini），罐装，添加钠，沥干并冲洗,1.0,RACC,参考食用量（RACC）,130.0,,
2644288,"Chickpeas (garbanzo beans, bengal gram), canned, sodium added, drained and rinsed",鹰嘴豆（鹰嘴豆，孟加拉豆），罐装，添加钠，沥干并冲洗,1.0,RACC,参考食用量（RACC）,130.0,,
2644289,"Beans, kidney, dark red, canned, sodium added, sugar added, drained and rinsed",豆类，芸豆，深红色，罐装，添加钠，添加糖，沥干并冲洗,1.0,RACC,参考食用量（RACC）,130.0,,
2644290,"Beans, kidney, light red, canned, sodium added, sugar added, drained and rinsed",豆类，芸豆，浅红色，罐装，添加钠，添加糖，沥干并冲洗,1.0,RACC,参考食用量（RACC）,130.0,,
2644291,"Peas, green, sweet, canned, sodium added, sugar added, drained and rinsed",豌豆，绿色，甜味，罐装，添加钠，添加糖，沥干并冲洗,1.0,RACC,参考食用量（RACC）,130.0,,
2644292,"Beans, pinto, canned, sodium added, drained and rinsed",豆类，斑豆，罐装，添加钠，沥干并冲洗,1.0,RACC,参考食用量（RACC）,130.0,,
2644293,"Blackeye pea, canned, sodium added, drained and rinsed",黑眼豆，罐装，添加钠，沥干并冲洗,1.0,RACC,参考食用量（RACC）,130.0,,
2644294,"Beans, great northern, canned, sodium added, drained and rinsed",豆类，大北方豆，罐装，添加钠，沥干并冲洗,1.0,RACC,参考食用量（RACC）,130.0,,
2646168,"Pork, loin, boneless, raw",猪肉，腰脊，去骨，生,1.0,RACC,参考食用量（RACC）,110.0,,
2646169,"Pork, loin, tenderloin, boneless, raw",猪肉，腰脊，里脊，去骨，生,1.0,RACC,参考食用量（RACC）,110.0,,
2646170,"Chicken, breast, boneless, skinless, raw",鸡肉，胸肉，去骨去皮，生,1.0,RACC,参考食用量（RACC）,114.0,,
2646171,"Chicken, thigh, boneless, skinless, raw",鸡肉，大腿肉，去骨去皮，生,1.0,RACC,参考食用量（RACC）,114.0,,
2646172,"Beef, ribeye, steak, boneless, choice, raw",牛肉，肋眼牛排，去骨，精选级（Choice），生,1.0,RACC,参考食用量（RACC）,114.0,,
2646173,"Beef, round, top round, boneless, choice, raw",牛肉，后腿，上后腿肉，去骨，精选级（Choice），生,1.0,RACC,参考食用量（RACC）,114.0,,
2646174,"Beef, chuck, roast, boneless, choice, raw",牛肉，肩胛烤肉，去骨，精选级（Choice），生,1.0,RACC,参考食用量（RACC）,114.0,,
2646175,"Beef, flank, steak, boneless, choice, raw",牛肉，腹胁牛排，去骨，精选级（Choice），生,1.0,RACC,参考食用量（RACC）,114.0,,
2647437,"Yogurt, plain, nonfat",酸奶，原味，脱脂,1.0,RACC,参考食用量（RACC）,170.0,,
2647438,"Cheese, monterey jack, solid",奶酪，蒙特雷杰克奶酪，固体,1.0,RACC,参考食用量（RACC）,30.0,,
2647439,"Cheese, pasteurized process cheese food or product, American, singles",奶酪，巴氏杀菌再制干酪食品或制品，美式，单片装,1.0,RACC,参考食用量（RACC）,30.0,,
2647440,"Cheese, provolone, sliced",奶酪，普罗卧干酪，切片,1.0,RACC,参考食用量（RACC）,30.0,,
2647441,"Cheese, oaxaca, solid",奶酪，瓦哈卡奶酪，固体,1.0,RACC,参考食用量（RACC）,30.0,,
2647442,"Cheese, queso fresco, solid",奶酪，墨西哥鲜奶酪，固体,1.0,RACC,参考食用量（RACC）,30.0,,
2647443,"Cheese, cotija, solid",奶酪，科蒂哈奶酪，固体,1.0,RACC,参考食用量（RACC）,30.0,,
2684440,"Fish, salmon, sockeye, wild caught, raw",鲑鱼，红鲑，野生捕捞，生,1.0,RACC,参考食用量（RACC）,115.0,,
2684441,"Fish, salmon, Atlantic, farm raised, raw",鲑鱼，大西洋，养殖，生,1.0,RACC,参考食用量（RACC）,115.0,,
2684442,"Fish, tilapia, farm raised, raw",鱼，罗非鱼，养殖，生,1.0,RACC,参考食用量（RACC）,115.0,,
2684443,"Crustaceans, shrimp, farm raised, raw",甲壳类，虾，养殖，生,1.0,RACC,参考食用量（RACC）,115.0,,
2684444,"Fish, cod, Atlantic, wild caught, raw",鱼，鳕鱼，大西洋，野生捕捞，生,1.0,RACC,参考食用量（RACC）,115.0,,
2684445,"Fish, catfish, farm raised, raw",鱼，鲶鱼，养殖，生,1.0,RACC,参考食用量（RACC）,115.0,,
2684446,"Crustaceans, crab, blue swimming, lump, pasteurized, refrigerated",甲壳类，蟹，梭子蟹，大块蟹肉，巴氏杀菌，冷藏,1.0,RACC,参考食用量（RACC）,85.0,,
2685568,"Squash, summer, green, zucchini, includes skin, raw",夏南瓜，绿色，西葫芦，含皮，生,1.0,RACC,参考食用量（RACC）,85.0,,
2685569,"Squash, summer, yellow, includes skin, raw",夏南瓜，黄色，含皮，生,1.0,RACC,参考食用量（RACC）,85.0,,
2685570,"Squash, winter, butternut, raw",冬南瓜，奶油南瓜，生,1.0,RACC,参考食用量（RACC）,85.0,,
2685571,"Squash, winter, acorn, raw",冬南瓜，橡果南瓜，生,1.0,RACC,参考食用量（RACC）,85.0,,
2685572,"Cabbage, bok choy, raw",甘蓝，小白菜，生,1.0,RACC,参考食用量（RACC）,85.0,,
2685573,"Cauliflower, raw",花椰菜，生,1.0,RACC,参考食用量（RACC）,85.0,,
2685574,"Collards, raw",羽衣甘蓝叶，生,1.0,RACC,参考食用量（RACC）,85.0,,
2685575,"Brussels sprouts, raw",抱子甘蓝，生,1.0,RACC,参考食用量（RACC）,85.0,,
2685576,"Beets, raw",甜菜根，生,1.0,RACC,参考食用量（RACC）,85.0,,
2685577,"Eggplant, raw",茄子，生,1.0,RACC,参考食用量（RACC）,85.0,,
2685578,"Tomatoes, whole, canned, solids and liquids, with salt added",番茄，完整，罐装，固形物及液体，加盐,1.0,RACC,参考食用量（RACC）,130.0,,
2685579,"Tomato, sauce, canned, with salt added",番茄，酱汁，罐装，加盐,1.0,RACC,参考食用量（RACC）,130.0,,
2685580,"Tomato, paste, canned, without salt added",番茄膏，罐装，未加盐,1.0,RACC,参考食用量（RACC）,30.0,,
2685581,"Tomatoes, crushed, canned",番茄，压碎，罐装,1.0,RACC,参考食用量（RACC）,130.0,,
2685582,"Tomato, puree, canned",番茄泥，罐装,1.0,RACC,参考食用量（RACC）,130.0,,
2710815,"Apricot, with skin, raw",杏，带皮，生,1.0,RACC,参考食用量（RACC）,140.0,,
2710816,"Melons, honeydew, raw",瓜类，蜜瓜，生,1.0,RACC,参考食用量（RACC）,140.0,,
2710817,"Plantains, ripe, raw",大蕉，成熟，生,1.0,RACC,参考食用量（RACC）,140.0,,
2710818,"Plantains, underripe, raw",大蕉，未完全成熟，生,1.0,RACC,参考食用量（RACC）,140.0,,
2710819,"Chia seeds, dry, raw",奇亚籽，干燥，生,1.0,RACC,参考食用量（RACC）,45.0,,
2710820,"Bulgur, dry, raw",布格麦，干燥，生,1.0,RACC,参考食用量（RACC）,45.0,,
2710821,"Wild rice, dry, raw",菰米，干燥，生,1.0,RACC,参考食用量（RACC）,45.0,,
2710822,"Arugula, baby, raw",芝麻菜，嫩/幼小，生,1.0,RACC,参考食用量（RACC）,85.0,,
2710823,"Asparagus, green, raw",芦笋，绿色，生,1.0,RACC,参考食用量（RACC）,85.0,,
2710824,"Avocado, Hass, peeled, raw",鳄梨，哈斯，去皮，生,1.0,RACC,参考食用量（RACC）,140.0,,
2710825,"Rice, black, unenriched, raw",大米，黑色，未强化，生,1.0,RACC,参考食用量（RACC）,45.0,,
2710826,"Corn, sweet, yellow and white kernels,  fresh, raw",玉米，甜味，黄白混合玉米粒，新鲜，生,1.0,RACC,参考食用量（RACC）,85.0,,
2710827,"Einkorn, grain, dry, raw",一粒小麦，谷粒，干燥，生,1.0,RACC,参考食用量（RACC）,45.0,,
2710828,"Farro, pearled, dry, raw",法罗麦，去皮抛光，干燥，生,1.0,RACC,参考食用量（RACC）,45.0,,
2710829,"Fonio, grain, dry, raw",福尼奥米，谷粒，干燥，生,1.0,RACC,参考食用量（RACC）,45.0,,
2710830,"Khorasan, grain, dry, raw",卡姆小麦，谷粒，干燥，生,1.0,RACC,参考食用量（RACC）,45.0,,
2710831,"Kiwifruit (kiwi), green, peeled, raw",猕猴桃（猕猴桃），绿色，去皮，生,1.0,RACC,参考食用量（RACC）,140.0,,
2710832,"Mandarin, seedless, peeled, raw",柑橘，无籽，去皮，生,1.0,RACC,参考食用量（RACC）,140.0,,
2710833,"Mango, Tommy Atkins, peeled, raw",芒果，汤米·阿特金斯，去皮，生,1.0,RACC,参考食用量（RACC）,140.0,,
2710834,"Mango, Ataulfo, peeled, raw",芒果，阿陶尔福，去皮，生,1.0,RACC,参考食用量（RACC）,140.0,,
2710835,"Corn flour, masa harina, white or yellow, dry, raw",玉米 面粉，玉米玛萨粉，白色 或 黄色，干燥，生,1.0,RACC,参考食用量（RACC）,30.0,,
2710836,"Pear, Anjou, green, with skin, raw",梨，安茹，绿色，带皮，生,1.0,RACC,参考食用量（RACC）,140.0,,
2710837,"Plum, black, with skin, raw",李子，黑色，带皮，生,1.0,RACC,参考食用量（RACC）,140.0,,
2710838,"Rice, red, unenriched, dry, raw",大米，红色，未强化，干燥，生,1.0,RACC,参考食用量（RACC）,45.0,,
2710839,"Sorghum bran, white, unenriched, dry, raw",高粱 麸皮，白色，未强化，干燥，生,1.0,RACC,参考食用量（RACC）,45.0,,
2710840,"Sorghum flour, white, pearled, unenriched, dry, raw",高粱 面粉，白色，去皮抛光，未强化，干燥，生,1.0,RACC,参考食用量（RACC）,30.0,,
2710841,"Sorghum grain, white, pearled, unenriched, dry, raw",高粱 谷粒，白色，去皮抛光，未强化，干燥，生,1.0,RACC,参考食用量（RACC）,45.0,,
2710842,"Sorghum, whole grain, white, dry, raw",高粱，全谷物，白色，干燥，生,1.0,RACC,参考食用量（RACC）,45.0,,
2710843,"Plantains, overripe, raw",大蕉，过熟，生,1.0,RACC,参考食用量（RACC）,140.0,,
2727566,"Chicken, drumstick, meat and skin, raw",鸡肉，鸡小腿，肉和皮，生,1.0,RACC,参考食用量（RACC）,114.0,,
2727567,"Chicken, thigh, meat and skin, raw",鸡肉，大腿肉，肉和皮，生,1.0,RACC,参考食用量（RACC）,114.0,,
2727568,"Chicken, wing, meat and skin, raw",鸡肉，鸡翅，肉和皮，生,1.0,RACC,参考食用量（RACC）,114.0,,
2727569,"Chicken, breast, meat and skin, raw",鸡肉，胸肉，肉和皮，生,1.0,RACC,参考食用量（RACC）,114.0,,
2727570,"Lamb, ground, raw",羊肉，绞碎，生,1.0,RACC,参考食用量（RACC）,114.0,,
2727571,"Bison, ground, raw",野牛肉，绞碎，生,1.0,RACC,参考食用量（RACC）,114.0,,
2727572,"Beef, short loin (NY strip steak), raw",牛肉，短腰脊（纽约客牛排），生,1.0,RACC,参考食用量（RACC）,114.0,,
2727573,"Beef, tenderloin steak, raw",牛肉，里脊牛排，生,1.0,RACC,参考食用量（RACC）,114.0,,
2727574,"Beef, top sirloin steak, raw",牛肉，上西冷牛排，生,1.0,RACC,参考食用量（RACC）,114.0,,
2727575,"Pork, chop, center cut, raw",猪肉，排，中段切块，生,1.0,RACC,参考食用量（RACC）,110.0,,
2727576,"Pork, belly, with skin, raw",猪肉，腹部，带皮，生,1.0,RACC,参考食用量（RACC）,26.0,,
2727578,"Squash, pie pumpkin, peeled, seeded, raw",南瓜，馅饼南瓜，去皮，去籽，生,1.0,RACC,参考食用量（RACC）,85.0,,
2727579,"Squash, spaghetti, peeled, seeded, raw",意面南瓜，去皮，去籽，生,1.0,RACC,参考食用量（RACC）,85.0,,
2727580,"Rutabaga, peeled, raw",芜菁甘蓝，去皮，生,1.0,RACC,参考食用量（RACC）,85.0,,
2727581,"Blackberries, raw",黑莓，生,1.0,RACC,参考食用量（RACC）,140.0,,
2727582,"Tomatillos, dehusked, raw",酸浆番茄，去外壳，生,1.0,RACC,参考食用量（RACC）,85.0,,
2727583,"Cabbage, napa, leaf, destemmed, raw",大白菜，叶，去茎，生,1.0,RACC,参考食用量（RACC）,85.0,,
2727584,"Leeks, bulb and greens, root removed, raw",韭葱，鳞茎和绿色叶部，去根，生,1.0,RACC,参考食用量（RACC）,85.0,,
2727585,"Green onion, (scallion), bulb and greens, root removed, raw",青葱（香葱），鳞茎和绿色叶部，去根，生,1.0,RACC,参考食用量（RACC）,85.0,,
2727586,"Shallots, bulb, peeled, root removed, raw",红葱头，鳞茎，去皮，去根，生,1.0,RACC,参考食用量（RACC）,85.0,,
